property,bin_midpoint,bin_left,bin_right,molecule_count,b,n,o,s
homo,-11.0305,-11.07,-10.991,8265,0.20412406365105387,0.28583836905849747,0.3296784379465394,0.18035912934390927
homo,-10.9515,-10.991,-10.912,16053,0.18820026042928892,0.29645668126952585,0.30356885465780037,0.21177420364338473
homo,-10.873000000000001,-10.912,-10.834,23918,0.1792796206600586,0.2896430764340774,0.2986125816021337,0.23246472130373033
homo,-10.7945,-10.834,-10.755,30774,0.1783541171652365,0.288589143319863,0.28240949345473393,0.25064724606016653
homo,-10.716000000000001,-10.755,-10.677,36242,0.18220022522005383,0.2887620838480949,0.2698380810808673,0.259199609850984
homo,-10.6375,-10.677,-10.598,39270,0.19035690527813567,0.2815509491861664,0.26341192209019804,0.26468022344549996
homo,-10.559000000000001,-10.598,-10.52,39424,0.19966442407580554,0.26850123054507774,0.26400205097033347,0.26783229440878326
homo,-10.481,-10.52,-10.442,37222,0.21092452316584917,0.26543401628005653,0.25365647069378455,0.2699849898603097
homo,-10.4025,-10.442,-10.363,34283,0.224572702326806,0.25675734106477394,0.24945246162083862,0.2692174949875814
homo,-10.324,-10.363,-10.285,31481,0.23966558327677245,0.2533030464453541,0.24972350447783487,0.2573078658000386
homo,-10.2455,-10.285,-10.206,29258,0.2568538373089777,0.2477448343886124,0.2448353468067215,0.25056598149568826
homo,-10.167,-10.206,-10.128,28225,0.2745032398445456,0.23707195541312948,0.24201323274234776,0.24641157199997718
homo,-10.0885,-10.128,-10.049,27224,0.29309959439435745,0.22871976692496734,0.23374060082508855,0.24444003785558663
homo,-10.01,-10.049,-9.971,26330,0.3044342438237168,0.21826929555886992,0.23287331974335504,0.2444231408740583
homo,-9.9315,-9.971,-9.892,24238,0.32122746115790995,0.21312553040972393,0.22090935216948582,0.24473765626288022
homo,-9.853,-9.892,-9.814,21556,0.3298320994808587,0.21017500220030197,0.21833366516290917,0.24165923315593024
homo,-9.775,-9.814,-9.736,17848,0.3369463562034146,0.2056867875499323,0.21296263299657628,0.24440422325007694
homo,-9.6965,-9.736,-9.657,14421,0.34316154229282025,0.20028135985948928,0.205089995678719,0.25146710216897133
homo,-9.618,-9.657,-9.579,10854,0.3523121801319834,0.19558072654842334,0.200520577985936,0.2515865153336572
homo,-9.5395,-9.579,-9.5,7855,0.3634155437791967,0.1967572877177323,0.19435382600186865,0.24547334250120234
homo,-9.461,-9.5,-9.422,5452,0.3773066910106543,0.197480969722675,0.18230712568619561,0.2429052135804752
homo,-9.3825,-9.422,-9.343,3637,0.3910301673819932,0.18877408241212526,0.17852304476401237,0.24167270544186922
lumo,-9.962,-10.008999999999999,-9.915,5238,0.35956338438885305,0.2872982017467781,0.1960937916194464,0.15704462224492244
lumo,-9.869,-9.915,-9.823,8731,0.3576988653276959,0.2715776488982156,0.19928904847248027,0.1714344373016082
lumo,-9.777000000000001,-9.823,-9.731,13148,0.3511457623866341,0.2684133183701253,0.1993469205714554,0.18109399867178533
lumo,-9.6845,-9.731,-9.638,17770,0.3345944401813458,0.27817683493318224,0.20651371727169618,0.18071500761377576
lumo,-9.591999999999999,-9.638,-9.546,24478,0.3211820411883741,0.2782049354707134,0.21007024060490267,0.19054278273600983
lumo,-9.4995,-9.546,-9.453,31737,0.3078384265805582,0.26607208686994815,0.22074575195054658,0.20534373459894714
lumo,-9.407,-9.453,-9.361,37402,0.29037246042465276,0.2613385711823341,0.22776512832335521,0.2205238400696579
lumo,-9.3145,-9.361,-9.268,39865,0.27975755159206817,0.2585510135980174,0.23032063756290383,0.23137079724701054
lumo,-9.222000000000001,-9.268,-9.176,40986,0.2662420648559901,0.2566858881216801,0.2353385770950089,0.241733469927321
lumo,-9.1295,-9.176,-9.083,39272,0.2553228949852994,0.259690438714661,0.23749032365465572,0.24749634264538387
lumo,-9.036999999999999,-9.083,-8.991,36624,0.23915896500076966,0.26615439993661294,0.24195499205897017,0.2527316430036472
lumo,-8.9445,-8.991,-8.898,33382,0.2246344577798404,0.2707495507291927,0.2483042292417493,0.25631176224921765
lumo,-8.852,-8.898,-8.806,30748,0.20937807575544723,0.2695974061908884,0.2563334138239875,0.26469110422967684
lumo,-8.7595,-8.806,-8.713,28293,0.19147608322242982,0.2630887817748009,0.2720669759504818,0.2733681590522876
lumo,-8.667,-8.713,-8.621,26460,0.18187534421459078,0.24571936433781685,0.2797386467482123,0.29266664469938003
lumo,-8.575,-8.621,-8.529,24295,0.18053529033106352,0.22233787515631329,0.29544282490793566,0.3016840096046876
lumo,-8.4825,-8.529,-8.436,21576,0.18244322884101083,0.19705931622833536,0.3059491039874797,0.314548350943174
lumo,-8.39,-8.436,-8.344,17900,0.18367381290399304,0.17701063557662045,0.3194628672390399,0.31985268428034663
lumo,-8.2975,-8.344,-8.251,14360,0.18635865629396028,0.159646765055622,0.32301359073981245,0.3309809879106053
lumo,-8.205,-8.251,-8.159,10424,0.18687200844479024,0.15609491283697266,0.32512457322655625,0.3319085054916809
lumo,-8.1125,-8.159,-8.066,6944,0.1821345029783334,0.16799466385515008,0.3175757974557492,0.33229503571076735
lumo,-8.02,-8.066,-7.974,4197,0.17722045629387934,0.1774902237694422,0.3051465800321823,0.34014273990449606
gap,0.2595,0.207,0.312,7742,0.4318552049652204,0.2133698517145635,0.16960052537533823,0.1851744179448779
gap,0.364,0.312,0.416,10703,0.40514073918238597,0.2233439394739105,0.17567762412405605,0.1958376972196473
gap,0.4675,0.416,0.519,14782,0.3853049728535108,0.236530761131986,0.17867770482962472,0.1994865611848784
gap,0.571,0.519,0.623,18985,0.37011027485735193,0.2393191842548739,0.1858326213931823,0.2047379194945919
gap,0.675,0.623,0.727,22892,0.3505419125293827,0.24550928740037178,0.19657356229317532,0.20737523777707023
gap,0.7789999999999999,0.727,0.831,28192,0.3277634262923842,0.25008171014459796,0.20557101377036405,0.21658384979265383
gap,0.8825000000000001,0.831,0.934,30176,0.31677818817419345,0.2506915733057252,0.21061325715482668,0.2219169813652548
gap,0.986,0.934,1.038,33566,0.3040506337002289,0.2581990461151882,0.2143782762859046,0.22337204389867843
gap,1.0899999999999999,1.038,1.142,36381,0.290112402898625,0.256419811022909,0.22397022645032086,0.22949755962814508
gap,1.194,1.142,1.246,39708,0.27274482450642895,0.25918817616586415,0.2312394705214238,0.2368275288062829
gap,1.2974999999999999,1.246,1.349,41103,0.2511837063184688,0.2603146040311076,0.24325681554314635,0.24524487410727727
gap,1.401,1.349,1.453,41068,0.2312572273413073,0.25763693773428026,0.2551088483610231,0.2559969865633895
gap,1.505,1.453,1.557,37757,0.21629128354949784,0.2524697963849081,0.2643786561767961,0.2668602638887979
gap,1.6084999999999998,1.557,1.66,33465,0.20320442774758096,0.2476350631041508,0.27654974841539826,0.27261076073287005
gap,1.712,1.66,1.764,28138,0.17448891283801785,0.2534669508974182,0.2920140342783479,0.2800301019862162
gap,1.816,1.764,1.868,22609,0.1369128207860058,0.26840856169350896,0.3015433744615741,0.29313524305891114
gap,1.92,1.868,1.972,18135,0.10510599820173229,0.27667128734678026,0.3188191755842298,0.2994035388672578
gap,2.0235000000000003,1.972,2.075,14753,0.07861564048881062,0.26814860591053746,0.33748619552639475,0.3157495580742571
gap,2.127,2.075,2.179,12181,0.05907288393931875,0.25204912595477647,0.3531961262399554,0.33568186386594945
gap,2.231,2.179,2.283,9865,0.04548330978478654,0.22856383633063182,0.37661746081626846,0.3493353930683131
gap,2.335,2.283,2.387,7071,0.034881364866271365,0.19731169190565445,0.4089899022374774,0.35881704099059675
gap,2.4385000000000003,2.387,2.49,4558,0.023614928867723133,0.16644618735623162,0.43681275620997395,0.37312612756607133
aip,10.9565,10.912,11.001,3300,0.41950821760219936,0.2006113709888549,0.16278102687814439,0.21709938453080121
aip,11.045,11.001,11.089,4668,0.41083662773317364,0.1992970390836692,0.1683753616641471,0.22149097151901018
aip,11.133,11.089,11.177,6829,0.3942201975308055,0.20203707996424086,0.1768517577215375,0.2268909647834161
aip,11.221,11.177,11.265,9374,0.378015552128265,0.2039778504018208,0.18125712631087965,0.2367494711590345
aip,11.3085,11.265,11.352,12496,0.3670893079785168,0.2047140917764997,0.19468390744917255,0.2335126927958109
aip,11.396,11.352,11.44,15851,0.35466908104903566,0.20831629777660843,0.20256926818147472,0.23444535299288116
aip,11.484,11.44,11.528,19310,0.3387973949834514,0.21387662331805327,0.20501293413558355,0.2423130475629117
aip,11.572,11.528,11.616,23079,0.32899321818696187,0.2175959924157787,0.21175015131083985,0.24166063808641966
aip,11.66,11.616,11.704,26399,0.3113430226641168,0.2248750587833389,0.21582134697585265,0.24796057157669152
aip,11.748000000000001,11.704,11.792,30475,0.2941717481712502,0.23055576260423574,0.2247633156441975,0.2505091735803166
aip,11.836,11.792,11.88,34192,0.2726356543470545,0.23973295825007127,0.23424386223046442,0.2533875251724097
aip,11.9235,11.88,11.967,38121,0.25640129133053347,0.24773478520151535,0.24283346098940375,0.25303046247854744
aip,12.011,11.967,12.055,41570,0.2352723974091698,0.2538762186390449,0.24575044013715683,0.26510094381462845
aip,12.099,12.055,12.143,44093,0.21814691259866037,0.26522620111643885,0.25214381590904655,0.26448307037585417
aip,12.187000000000001,12.143,12.231,45820,0.20378337268617105,0.2702452952742301,0.26041725968463403,0.26555407235496487
aip,12.275,12.231,12.319,43836,0.18794231068858555,0.27737673819859926,0.27113278716549505,0.26354816394732017
aip,12.363,12.319,12.407,38400,0.18180189808172834,0.28083466633027576,0.2849963691416783,0.2523670664463177
aip,12.451,12.407,12.495,29981,0.17516850688290195,0.283066980862867,0.29639453470594695,0.24536997754828407
aip,12.538499999999999,12.495,12.582,20931,0.1681204699601338,0.28263258414018483,0.31423180159764047,0.23501514430204096
aip,12.626000000000001,12.582,12.67,13208,0.1612338887144191,0.2729455854778112,0.33514917602501787,0.23067134978275175
aip,12.713999999999999,12.67,12.758,7686,0.15572079020498772,0.2721048620005857,0.35599925690403933,0.21617509089038725
aip,12.802,12.758,12.846,4211,0.1506593512894841,0.2588993539422747,0.37581293033462587,0.21462836443361527
aea,-8.4955,-8.549,-8.442,3071,0.40542091952594755,0.2933147682686729,0.16297362459662165,0.1382906876087579
aea,-8.389,-8.442,-8.336,5576,0.3997437991953562,0.29484735674476176,0.1654510942474151,0.13995774981246706
aea,-8.283000000000001,-8.336,-8.23,8910,0.38606504166192446,0.2844394278942943,0.17098439656608166,0.15851113387769958
aea,-8.177,-8.23,-8.124,13493,0.3734790460997113,0.2808017742843297,0.1801050620962363,0.16561411751972271
aea,-8.071000000000002,-8.124,-8.018,19119,0.3573461346583558,0.27666094450445033,0.18946510856568646,0.17652781227150738
aea,-7.965,-8.018,-7.912,25257,0.3353312115764951,0.27800152066718076,0.19727161630930334,0.18939565144702072
aea,-7.859,-7.912,-7.806,30995,0.31583397223885484,0.27796946090259367,0.2019644011312199,0.20423216572733155
aea,-7.753,-7.806,-7.7,36575,0.29508675567663917,0.27363744695346964,0.21729509112645515,0.213980706243436
aea,-7.647,-7.7,-7.594,41963,0.27844848580853465,0.2660542870797912,0.22808614864797463,0.2274110784636996
aea,-7.541,-7.594,-7.488,43981,0.26021657817126065,0.26019888777191524,0.24200758544932335,0.23757694860750064
aea,-7.4345,-7.488,-7.381,43685,0.24306401296530034,0.25735757651270036,0.24851759397234147,0.25106081654965784
aea,-7.328,-7.381,-7.275,41879,0.22539680416672495,0.2559244902820392,0.2550763358844736,0.26360236966676237
aea,-7.2219999999999995,-7.275,-7.169,38808,0.207684127794885,0.25296357993747876,0.2689665843974916,0.2703857078701446
aea,-7.116,-7.169,-7.063,34857,0.1899116382446527,0.2471490943247844,0.27873038222203983,0.284208885208523
aea,-7.01,-7.063,-6.957,31464,0.1812690478440889,0.23043496905259334,0.2901358594124062,0.29816012369091155
aea,-6.904,-6.957,-6.851,26621,0.17489404408566223,0.21126530975880914,0.30738410009503553,0.3064565460604932
aea,-6.798,-6.851,-6.745,21910,0.1712656801056075,0.19498347944482286,0.31651252613792996,0.3172383143116396
aea,-6.692,-6.745,-6.639,16804,0.1668538389758631,0.18680526792861388,0.31768997540102334,0.32865091769449983
aea,-6.586,-6.639,-6.533,12005,0.16007253622432638,0.18103515157383973,0.3248295832502439,0.3340627289515899
aea,-6.48,-6.533,-6.427,8268,0.15632651769227554,0.18630105884489348,0.32448934010573083,0.33288308335710015
aea,-6.374,-6.427,-6.321,5331,0.1426883119100366,0.18778911008940424,0.3257338299539084,0.34378874804665066
aea,-6.268,-6.321,-6.215,3258,0.13424180951788747,0.19790833748681097,0.32828151447662196,0.33956833851867946
