property,bin_midpoint,bin,borinine__B_1,borinine__B_2,borinine__B_3,borinine__B_4,14diborinine__B_1_4,dhdiborinine__B_1_4,borole__B_1,borole__B_2,borole__B_3,pyridine__N_1,pyridine__N_2,pyridine__N_3,pyridine__N_4,pyrazine__N_1_4,pyrrole__N_1,pyrrole__N_2,pyrrole__N_3,thiophene__S_1,thiophene__S_2,thiophene__S_3,furan__O_1,furan__O_2,furan__O_3,cyclobutadiene__none_none
homo,-11.0305,"(-11.07, -10.991]",0.006335282651072124,0.0012531328320802004,0.00034809245335561123,0.006544138123085491,0.0024018379281537175,0.2095168476747424,0.07014062935115567,0.003968253968253968,0.04504316346421609,0.0967000835421888,0.0316067947646895,0.010442773600668337,0.07752018936229463,0.1525689223057644,0.008945976051239209,0.0001392369813422445,0.005465051517683096,0.054058758006126424,0.002018936229462545,0.030562517404622666,0.09537733221943748,0.004699248120300752,0.05611250348092453,0.02823029796714007
homo,-10.9515,"(-10.991, -10.912]",0.00986818015378982,0.0024899304284145,0.0006590992310508971,0.008495056755767118,0.001739289637495423,0.18180153789820577,0.07392896374954229,0.003588429146832662,0.0461918711094837,0.08639692420358842,0.02722445990479678,0.009135847674844379,0.07160380812889051,0.1672281215671915,0.01587330648114244,0.0001830831197363603,0.009337239106554375,0.059154155986818016,0.0030391797876235813,0.03923471255950201,0.0839436103991212,0.005126327352618088,0.054320761625778105,0.03943610399121201
homo,-10.873000000000001,"(-10.912, -10.834]",0.017106123338417958,0.004104016851892206,0.001041137018474129,0.014031137260599017,0.0024696738577758407,0.15880971405050726,0.07355754097963729,0.0035834483426551416,0.049538752088327156,0.0757850899493959,0.022336020919590326,0.007191109174112007,0.0656642696302753,0.16361589307764945,0.02447882617854289,0.0006174184644439602,0.015241761700685214,0.0641025641025641,0.003849785719474105,0.042783467712646184,0.07904166969322776,0.0057625723348102955,0.05548291808915038,0.04980508946514612
homo,-10.7945,"(-10.834, -10.755]",0.025455144575335695,0.006352344600964751,0.0019496389049070489,0.021043285644982656,0.0038992778098140978,0.13728020796148319,0.0772532974526549,0.004064036027130186,0.0516791608314798,0.06687352976174131,0.01875497707114809,0.0058855296519024995,0.05848916714721147,0.1568315164163257,0.03347337781805201,0.0011258478183266056,0.024036393259558263,0.06695590887039936,0.004549157444783114,0.04471354953272739,0.07271329324216712,0.005711618200291073,0.050718071230469286,0.060191668726144384
homo,-10.716000000000001,"(-10.755, -10.677]",0.034012485216844565,0.009079477237683199,0.0025000374257099656,0.0286980344017126,0.0064222518301172175,0.12182817108040539,0.07609395350229795,0.004693184029701043,0.05204419227832752,0.060322759322744356,0.016302639261066783,0.00522462911121424,0.05488854623572209,0.14554110091468436,0.04354855611610952,0.001841344930313328,0.031295378673333436,0.06563721013787631,0.005606371352864564,0.04477611940298507,0.06644560547313583,0.005995598736508031,0.04667734546924355,0.0705250078593991
homo,-10.6375,"(-10.677, -10.598]",0.04178199818163451,0.01221672222783446,0.0036097922349058826,0.03720241101794794,0.01144896790921642,0.11277906859278715,0.0715493147455972,0.005468565848402196,0.04871872579721857,0.05314341515978045,0.014014883658281982,0.004438158736572718,0.04941239855877698,0.13136007004074485,0.052348722093140725,0.0027679563592282047,0.03741792100212143,0.06507054584638179,0.006088157052900966,0.04354648617705492,0.061878304205812036,0.006566319830285887,0.044139138633532006,0.08303195608984072
homo,-10.559000000000001,"(-10.598, -10.52]",0.04998469324613911,0.013678375790577553,0.004474782937203228,0.04341255935438066,0.018843591029590885,0.10204719690998977,0.06873709510379282,0.006572133891758453,0.047750558533678114,0.04660418037218209,0.01303353807473604,0.003829945221361715,0.04240296495079041,0.11478111341978935,0.058927745608264345,0.003419593947644388,0.042057748799885365,0.06291401512437551,0.006357187986477948,0.04313247832628789,0.05978752922938636,0.006591674428602135,0.04289147837188247,0.09776781934122337
homo,-10.481,"(-10.52, -10.442]",0.0547887323943662,0.016130114017437962,0.00482897384305835,0.04829644533869886,0.028430583501006038,0.09226693494299128,0.06587525150905432,0.007209926224010731,0.04554661301140174,0.04383635144198524,0.01118712273641851,0.0033869885982562038,0.03936955063715627,0.10238095238095238,0.0647887323943662,0.005224681421864521,0.04568075117370892,0.061395036887994636,0.0069081153588195846,0.0406841046277666,0.05477531857813548,0.006358148893360161,0.03985244802146211,0.1107981220657277
homo,-10.4025,"(-10.442, -10.363]",0.05898053097345133,0.01577345132743363,0.004849557522123894,0.05206371681415929,0.043044247787610616,0.08370265486725664,0.06300176991150443,0.00727787610619469,0.0448212389380531,0.0392,0.010244247787610619,0.002966371681415929,0.03654513274336283,0.09095929203539822,0.06743362831858407,0.006541592920353982,0.04783716814159292,0.05795398230088496,0.007129203539823009,0.04040353982300885,0.05194336283185841,0.006350442477876106,0.038102654867256634,0.12287433628318584
homo,-10.324,"(-10.363, -10.285]",0.05970249713939557,0.015563183834032593,0.005287444003200885,0.05223127145453322,0.062275171449298124,0.07833942847741057,0.05908924337947694,0.007934905356995954,0.04126749081989036,0.03778989327888837,0.010156080560603681,0.002752163215244591,0.03506764488120078,0.08572838841399116,0.06729338209448595,0.0075310553199763675,0.04696626356450009,0.054654371676650736,0.00637933484403162,0.03760292566915707,0.051775070486788866,0.006154973712354072,0.036481120010769336,0.13197669635712309
homo,-10.2455,"(-10.285, -10.206]",0.05841187781735649,0.014666015194023264,0.004586577562021246,0.051476846452101,0.08923336380544085,0.07306213157645872,0.056819972890331936,0.0075576080446363835,0.038213598966049867,0.03877312990574662,0.009921823282791665,0.003073479809601866,0.03444661601992245,0.08214859880843552,0.06523657913816473,0.007573369479557419,0.04508558459162122,0.05306087066166504,0.0062415282287299435,0.03615673170885477,0.05046023389969423,0.005949941682690792,0.03558143933423699,0.13226208113986698
homo,-10.167,"(-10.206, -10.128]",0.054295798481844994,0.013513513513513514,0.004222469338748408,0.05052458540830634,0.11978436397041048,0.06983190704120937,0.05382036777385615,0.0066882625022159905,0.036342245644571225,0.03671292043385067,0.0102419055907428,0.0028848168383052105,0.03356218472497542,0.0805734177827201,0.06058921175200245,0.007679414656158842,0.042144111911553775,0.05303872745733211,0.005866331447726796,0.03561701236119841,0.050927492787957905,0.005640703315121919,0.03498847684894196,0.13050975841673515
homo,-10.0885,"(-10.128, -10.049]",0.053019724575031145,0.012901661412911694,0.004046924253952858,0.04658979740294489,0.14936829519135095,0.06824585900984138,0.04958318352467035,0.006070386380929288,0.034256712124886075,0.0370577857304113,0.010460128598543441,0.003311119844143248,0.033445654991345934,0.07730963151249613,0.05805329565122871,0.006864720686973753,0.03998428054215407,0.0536050235373797,0.00591988093346823,0.03460789150229521,0.049599906352166025,0.005175715109910784,0.03399750829870314,0.12652491283226167
homo,-10.01,"(-10.049, -9.971]",0.049046843567391515,0.012165916275505317,0.003666321225474401,0.043934894495293,0.17859599926847747,0.06339861881580437,0.04736608348065384,0.005199035086955386,0.03184735563315887,0.03748182079439863,0.009980057302597775,0.0031089707303904065,0.032361163120814426,0.07336125891543077,0.05760739882782224,0.006618537129122434,0.03947609053462105,0.05388882599343371,0.005834762995410567,0.03591427252697489,0.05000478973081713,0.004972611448327513,0.03488665755166378,0.1192817145494605
homo,-9.9315,"(-9.971, -9.892]",0.047565631333364757,0.012471131639722863,0.003629165291982844,0.04434180138568129,0.20569354762690295,0.059461752368383844,0.043210632982985345,0.004600084837630202,0.030126785125135506,0.0348211339963237,0.009746901069896782,0.002884479426874676,0.032398548333883205,0.06998161851345619,0.05922609228448885,0.006673893575906113,0.040561813640005655,0.054343215346184665,0.005457887543007966,0.03618796248291464,0.04765046896356695,0.0047320544846113964,0.03306782297214498,0.11116557477494463
homo,-9.853,"(-9.892, -9.814]",0.04880557538099836,0.013193249086863429,0.00393593349846761,0.04338973088710693,0.22372895587556152,0.05447331961879172,0.03919140182207481,0.004019900079768253,0.028034342331751963,0.03409043200806079,0.00892144926319325,0.002550484907007011,0.030910197741298964,0.06701582770057517,0.06360468533523658,0.0068642680213275116,0.04144800369452958,0.05422141987488979,0.004985515764725639,0.03576976363407364,0.04800789285864226,0.004513203744909526,0.03210672152483312,0.10621772534531257
homo,-9.775,"(-9.814, -9.736]",0.04898693262567443,0.01315541245865352,0.003722755342028147,0.0430380702041227,0.24386562865515463,0.04786759064783489,0.03576863578624341,0.00379821659896115,0.02502798354944599,0.03350479807825332,0.008439083900340833,0.0023644527172340933,0.02984492711700268,0.06345034020450001,0.06435587528769604,0.006602859981637761,0.045239023531335285,0.05503641005647018,0.005231980480688207,0.03630944146092993,0.045993636100665314,0.004678597929846185,0.032322571719636276,0.10139477556564501
homo,-9.6965,"(-9.736, -9.657]",0.052467990350714415,0.014566709964742994,0.004113317251190697,0.04363827549947424,0.25647924785055976,0.04063833735386899,0.03278282922001608,0.0030927197377373663,0.022716026473680956,0.030633389002288614,0.007360672975814932,0.0022576854085482774,0.02883961155440094,0.05607100884517845,0.07040576482959114,0.008071998515494526,0.04787530154017443,0.05670501639141461,0.005767922310880188,0.036478629306612234,0.04377744788767242,0.004468980021030494,0.03134471454196821,0.09944640316694502
homo,-9.618,"(-9.657, -9.579]",0.05365105627408648,0.016081192873428705,0.004217025483747301,0.04297734105445814,0.2717862835697423,0.035693387946167346,0.029801658562175905,0.002219487096709106,0.021448316216379815,0.030689453400859545,0.0068602328443736005,0.0015536409676963742,0.027824297330562336,0.05007969976392728,0.0741712233409334,0.007848913460180384,0.05022093985189968,0.05564859466112467,0.005972438005689958,0.03702508020419281,0.04277556950021186,0.004842517301910777,0.029922721494723675,0.09668892879481851
homo,-9.5395,"(-9.579, -9.5]",0.05554168400610348,0.01592453877098072,0.004161464835622139,0.0461090303786933,0.28608683589956996,0.029879317519766958,0.02754889721181856,0.001831044527673741,0.019281453738382578,0.028297960882230546,0.005937023165487585,0.0011929532528783466,0.026994035233735607,0.04774587321403801,0.0800943265362741,0.009404910528506035,0.05082535719239839,0.052989318906921906,0.005326674989596338,0.03700929393813289,0.04000554861978083,0.00599250936329588,0.028436676376751284,0.0933832709113608
homo,-9.461,"(-9.5, -9.422]",0.058514804950650166,0.016371612094626353,0.004308318972270093,0.04786150712830957,0.2983315055616481,0.02682907723640921,0.02494908350305499,0.0012141626194579352,0.016528278239072536,0.02694657684474385,0.005169982766724111,0.001331662227792574,0.02686824377252076,0.040929030236565876,0.08651887827040576,0.010418298605671315,0.055577314742284195,0.05220899263669121,0.007167476108412972,0.03348738837537208,0.03654237819207269,0.006854143819520602,0.025340748864170454,0.08973053423155256
homo,-9.3825,"(-9.422, -9.343]",0.05444159477733738,0.01754488225693635,0.0037887619491723014,0.044415947773373744,0.326299836791793,0.02209139659594311,0.021566798787596177,0.0018652366519002097,0.014805315924457916,0.025297272091396594,0.004429937048262999,0.0013406388435532757,0.02424807647470273,0.03631382606668221,0.08416880391699696,0.01270692469107018,0.058638377244112846,0.05129400792725577,0.008801585451154115,0.0328747959897412,0.034273723478666356,0.006644905572394498,0.026812776871065515,0.0853345768244346
lumo,-9.962,"(-10.008999999999999, -9.915]",0.024981495188749075,0.005736491487786825,0.001221317542561066,0.026424870466321245,0.03538119911176906,0.20666173205033309,0.10825314581791266,0.03168023686158401,0.07083641746854182,0.04396743153219837,0.010658771280532938,0.0029607698001480384,0.036343449296817175,0.14437453737971873,0.017579570688378978,0.0005551443375277572,0.012509252405625462,0.03408586232420429,0.0024796447076239824,0.021317542561065876,0.043338267949666914,0.0028867505551443376,0.025055514433752774,0.09071058475203553
lumo,-9.869,"(-9.915, -9.823]",0.027389035148491985,0.005473188305390051,0.001870583344880144,0.02665003925915662,0.04080642926423722,0.21075239018982958,0.10101150062352778,0.02653457115144797,0.06535494896309639,0.04447831508937231,0.012355087524825644,0.0038566347974689393,0.036741951872892704,0.13057133619694242,0.020507135929056394,0.0010161193478361277,0.014733730543623851,0.03764260311302019,0.0028405154496328115,0.023370745000230935,0.043208165904577156,0.0031176389081335734,0.026880975474573923,0.0928363585977553
lumo,-9.777000000000001,"(-9.823, -9.731]",0.029880820355820747,0.006747785882757221,0.001890004842161166,0.027600318645444464,0.04773433717061589,0.2101341747239187,0.09193858265256713,0.020009059527342592,0.06021461707877103,0.042642258009090765,0.012777057527998625,0.0039362084316083784,0.036847284484778434,0.1276299964074288,0.025897752300026555,0.0012964496024741882,0.017056903203636307,0.040533574920729135,0.003186454444635354,0.02467940207119539,0.04256415863544774,0.003780009684322332,0.027912716140016558,0.09311007325721248
lumo,-9.6845,"(-9.731, -9.638]",0.030667028519510555,0.007681506566449161,0.0025959008365880423,0.028838098384641707,0.055516879255212453,0.1941261843797567,0.08575912400146314,0.01603558744055977,0.05757000082596845,0.04519227365514637,0.01341608750545729,0.0037050584667665696,0.03870252156367627,0.13239094266599016,0.028413314611381846,0.0017581328393255378,0.01983504230138409,0.03977628054608314,0.003646060720480478,0.025782015127022148,0.04431910701011221,0.004177040437055304,0.029498873143045935,0.09059693919692267
lumo,-9.591999999999999,"(-9.638, -9.546]",0.033506400501298,0.008727956315459673,0.0026765732700742995,0.030239011726792588,0.060227374451705305,0.18219496911646227,0.08095067585713007,0.012308656342314922,0.056190135171426014,0.04612836809596276,0.013526094351445708,0.003911914779339361,0.03980843254856324,0.1320293617402202,0.031438546235789094,0.001844060513830454,0.021188792408915944,0.04245815056843613,0.0038313490287351175,0.02774147345806105,0.04660281084952108,0.004368454032763406,0.029522871721421536,0.08857756691433175
lumo,-9.4995,"(-9.546, -9.453]",0.03536532641591007,0.008632367776336648,0.002471537685545468,0.03261276841043378,0.06941922467214295,0.16279723303069607,0.07979535956189653,0.00858192823173368,0.058697218619397605,0.04651246577316616,0.012119902003170485,0.003927078829802565,0.04179276552817409,0.12311572272661767,0.03385214007782101,0.0025796224239804004,0.02279146851131287,0.04631070759475429,0.0043810347312292835,0.030335783254071193,0.04858769275111688,0.004712494595763078,0.032605562761204784,0.08800259403372244
lumo,-9.407,"(-9.453, -9.361]",0.03854360330908501,0.009957201502314612,0.0028324370188288436,0.03410154349100982,0.07479754938048239,0.13975643537177296,0.07874674020188913,0.0054589920517075724,0.058557827882659744,0.046392074167425724,0.012814593913379833,0.003824413860224848,0.041794043147873175,0.11653544289582371,0.03897408382516252,0.0027138989057060503,0.026577492731742012,0.05019777148347329,0.00469785258849806,0.0329099235117228,0.05017905493929601,0.004916212270566362,0.0343448585653145,0.09037595298404102
lumo,-9.3145,"(-9.361, -9.268]",0.03977161442722584,0.011092843958287583,0.0028429493076617186,0.03717794251188519,0.08374533346786399,0.11697044875865793,0.07805943485254055,0.003982503101129464,0.05847928920332132,0.04558215173870981,0.012588508312214,0.003691679476754883,0.03995560488346282,0.11022808881397378,0.04493521755387656,0.003709485004777817,0.030631443375453298,0.05243134485153157,0.005139862422620143,0.03448930778042223,0.049997922688397325,0.005086445838551342,0.03529649171746188,0.09411408595321895
lumo,-9.222000000000001,"(-9.268, -9.176]",0.042329948039678794,0.011761927255550307,0.0031766650921114786,0.03706896551724138,0.0918457723193198,0.09827586206896552,0.07496457250826641,0.0030821917808219177,0.05490670760510156,0.045353094000944734,0.012216580066131319,0.003737600377893245,0.041042749173358525,0.10640056683986773,0.049492205951818614,0.004192253188474256,0.033313651393481344,0.05483585262163439,0.005538497874350496,0.03665564478034955,0.05189537080774681,0.005579829948039679,0.035687293339631554,0.0966461974492206
lumo,-9.1295,"(-9.176, -9.083]",0.045330423940149626,0.012375311720698254,0.003316708229426434,0.039258104738154616,0.09861596009975063,0.08120324189526185,0.06939526184538654,0.0022007481296758107,0.04992518703241895,0.04673316708229427,0.012269326683291771,0.0033042394014962595,0.04122194513715711,0.10316708229426434,0.05504364089775561,0.004744389027431422,0.036384039900249375,0.05567331670822943,0.006078553615960099,0.03738778054862843,0.05168329177057357,0.005392768079800499,0.036745635910224436,0.1025498753117207
lumo,-9.036999999999999,"(-9.083, -8.991]",0.04909800626177471,0.012225369675119611,0.003944104850842358,0.041928138680690154,0.10424092923652431,0.06290237323972296,0.06191973543324162,0.0017687480516664182,0.041474092245971185,0.047573223458614006,0.012279584174787547,0.0034832816036649,0.04269391848849975,0.10421382198669034,0.056823572464455616,0.00576029058971822,0.040640544313576665,0.05661349127824237,0.006085577587725838,0.0389124571366612,0.05260839511527358,0.006166899337227741,0.03716403952237026,0.10947940526693864
lumo,-8.9445,"(-8.991, -8.898]",0.05135619512342053,0.013464058193647495,0.003908191388424524,0.04299010527266977,0.11253934547207037,0.04750071537221946,0.0515971626078706,0.0010918839139143661,0.032274582448530854,0.04768144098555701,0.012236630069729967,0.003953372791758912,0.043953975210470037,0.10506182322022922,0.06058826187141372,0.00622750342625642,0.042862091296555674,0.057689121824123855,0.006852512839048781,0.03917227669091402,0.05357008388680552,0.006204912724589225,0.03931535113480625,0.11790840223497343
lumo,-8.852,"(-8.898, -8.806]",0.05152651134181718,0.014122204028028294,0.004139410009392637,0.0463148445227626,0.11997639372605086,0.032400442202033135,0.0410699294305402,0.0007813344194435902,0.023390160173555986,0.04954823908833235,0.013282685130541032,0.004247466897188027,0.0455002618301512,0.10117449524965297,0.06382837241390775,0.006790959794525672,0.04417864297173066,0.06047029682395871,0.006915640818904968,0.04070419842569427,0.05599009201459599,0.0065997822238107505,0.04064601394765059,0.1264016225157306
lumo,-8.7595,"(-8.806, -8.713]",0.05446508007117438,0.015198695136417556,0.004188908659549229,0.047319839857651244,0.12395277283511269,0.020675785883748517,0.02843268090154211,0.0006672597864768683,0.01619958481613286,0.05250963819691578,0.013697360616844602,0.004763493475682088,0.04775541221826809,0.09671559905100831,0.06514123665480427,0.007312055160142349,0.04529952550415184,0.06381598457888493,0.007265717674970344,0.04336261862396204,0.06230538256227758,0.006468712930011862,0.04355723606168446,0.128929418742586
lumo,-8.667,"(-8.713, -8.621]",0.057814621596512544,0.015232105848842789,0.004563506242917377,0.04972894610570591,0.13006503251625812,0.012424579636757154,0.020091678492307377,0.0003164847729987443,0.010168349480862881,0.05316944186378904,0.014578717930393769,0.004655388918949271,0.048024012006003,0.08272503598738144,0.06845259364376066,0.007513961062163735,0.048973466324999236,0.06941225714898265,0.007626262110647161,0.04832007840655021,0.0656246490592235,0.0070749660544557995,0.045471715449561516,0.1279721493399761
lumo,-8.575,"(-8.621, -8.529]",0.060097945888910556,0.016802192886880528,0.004920232592813478,0.05205812526522233,0.14010620362193346,0.007328738057827069,0.014577192600153686,0.00025231962014428096,0.006319459577249945,0.05042951680792743,0.013934924476150062,0.004369717057953229,0.04756224839719696,0.06388274019107476,0.0750765560665665,0.00825773302290374,0.053010058377584844,0.07293183929534011,0.00763840304618596,0.05166817676136298,0.07039717402025439,0.006950258627610648,0.050372171439712815,0.12105607230104025
lumo,-8.4825,"(-8.529, -8.436]",0.06626927084020204,0.01694647025465863,0.006013689055349678,0.05546836878684373,0.1496037031664183,0.004760837168818494,0.009350231447901144,0.00011869123135558574,0.003679428172023158,0.04718635842114286,0.01341210914318119,0.004154193097445501,0.0438102522848062,0.04400807100373218,0.08197607712292455,0.009205164387355427,0.05823783085180741,0.07885054136389413,0.008189694963535415,0.05445289936302373,0.07445896580373745,0.007358856344046316,0.053912194864626055,0.10857610086117082
lumo,-8.39,"(-8.436, -8.344]",0.0699216492197033,0.019475306659816324,0.006486417057350202,0.059116305953374866,0.15713505876308523,0.0029220987733607345,0.0058281420589557514,4.8166463297154966e-05,0.0021835463361376917,0.04055616209620448,0.0114796737524886,0.0033395414552694113,0.03817994990687817,0.028482435296384303,0.09357138269860639,0.010355789608888317,0.06523344679211354,0.08326375955301522,0.008252520711579218,0.056483205959797056,0.08162609980091196,0.007867189005201978,0.05629054010660844,0.09190161197097167
lumo,-8.2975,"(-8.344, -8.251]",0.07139896168499181,0.019463471446337276,0.006731281707100417,0.05925896681734736,0.17045342387334925,0.001381788033715628,0.0037110878619791153,0.0,0.0011449100850786631,0.033103693322015834,0.009692256065062476,0.0034149904261829094,0.030221678280266093,0.016166919994472846,0.10357488304151286,0.011508320337945873,0.07339268441935293,0.08959908407193194,0.008290728202293767,0.05998934049231134,0.08290728202293768,0.008981622219151582,0.060068299808523656,0.07554432578613869
lumo,-8.205,"(-8.251, -8.159]",0.07120051085568327,0.022562792677735206,0.007343550446998723,0.05898786717752235,0.17385057471264367,0.0007183908045977011,0.0021285653469561515,2.6607066836951895e-05,0.0007183908045977011,0.025329927628778205,0.007130693912303108,0.002288207747977863,0.023520647083865476,0.009099616858237548,0.12172733077905491,0.012877820349084718,0.08261494252873564,0.09038420604512558,0.007982120051085569,0.06162196679438059,0.08527564921243082,0.007077479778629204,0.06220732226479353,0.06332481907194551
lumo,-8.1125,"(-8.159, -8.066]",0.0705522659545648,0.02082123921204381,0.006772707922133209,0.05944502496226634,0.16862107666705367,0.0005031154456441813,0.0010449320794148381,3.8701188126475485e-05,0.0005418166337706568,0.019157088122605363,0.005418166337706568,0.0020511629707032006,0.018383064360075856,0.005108556832694764,0.14389101745423585,0.016331901389372655,0.09957815704942141,0.09071558496845854,0.007740237625295097,0.06118657842795774,0.08316885328379581,0.007082317427145013,0.06021904872479585,0.051627384960718295
lumo,-8.02,"(-8.066, -7.974]",0.0653435686201086,0.019347188416651066,0.0069899519440803845,0.050614741309367786,0.1712538226299694,0.0005616925669350309,0.0011857954190850652,0.0,0.0005616925669350309,0.013730262747300756,0.0055545153841353055,0.0018098982712350996,0.01435436559945079,0.0024964114086001373,0.16438869125631905,0.019347188416651066,0.11115271796792112,0.09717281407976035,0.00655307994757536,0.06091243836984335,0.07901142108219435,0.007052362229295388,0.05960182238032828,0.04100355738625726
gap,0.2595,"(0.207, 0.312]",0.03931728131667175,0.011124657116732703,0.0027430661383724473,0.03743777303667581,0.21111449761251652,0.13740729452402722,0.061160215381489386,0.018033119983744794,0.0454129838463883,0.03192624199939043,0.008660977344305598,0.0020572996037793354,0.030732500253987605,0.08440008127603373,0.03891090114802398,0.004241593010261099,0.024128822513461344,0.040638016864777,0.00429239053134207,0.023874834908056485,0.03555826475667987,0.004139997968099157,0.022452504317789293,0.08023468454739409
gap,0.364,"(0.312, 0.416]",0.04112728980742132,0.011160169093471114,0.0029121653358384217,0.03755753875058713,0.18716768435885392,0.11951150775011743,0.06673555659934241,0.023053076561766087,0.0492813527477689,0.03351808360732739,0.009206200093940818,0.0025927665570690465,0.029084077031470174,0.08650070455612964,0.04125880695162048,0.003926726162517614,0.027317989666510098,0.04157820573038985,0.004283701268201033,0.026002818224518554,0.03622357914513856,0.004001878816345702,0.02335368717707844,0.09264443400657586
gap,0.4675,"(0.416, 0.519]",0.04155908708078479,0.010935148494346032,0.00331368136192304,0.03896337001394508,0.1710273792922529,0.11211288607839617,0.06686732848247201,0.023665207726400374,0.04901487014511163,0.03577395170309415,0.00847750148425311,0.0022643489306474105,0.03182514808013586,0.09287972717356786,0.04078589476300275,0.004445855827246745,0.028097256547972443,0.0420837532964226,0.004031645657006365,0.026799398014552583,0.036712828088972346,0.003824540571886175,0.023872312811520566,0.10066687837408701
gap,0.571,"(0.519, 0.623]",0.04083658818651945,0.01057190861681468,0.0030548342752405684,0.03809814746121452,0.16258264417726767,0.11163237251521962,0.06985751380130485,0.015088699295206093,0.04840821314015143,0.035676100285845204,0.009262693927425866,0.0026838901132470705,0.03085382617992974,0.09547448122367932,0.0420912522638504,0.004265857862925222,0.02798446398568592,0.04297497217918785,0.005247768879966834,0.027122564315171616,0.037432629994108534,0.0042767679853367956,0.025736978768901787,0.10878483056579895
gap,0.675,"(0.623, 0.727]",0.04216164567312551,0.010335988533943387,0.002884889244140643,0.038018062714184654,0.14527346728774473,0.11084773481069063,0.06964159385536967,0.010979116709388753,0.049750558143380835,0.03567523864649082,0.009205920454232243,0.0024622621574194024,0.031338717234916345,0.09828836029877898,0.04508328509872017,0.004557022500298595,0.029014268257949522,0.04293339948365995,0.004777523589022721,0.028876455077496945,0.03979125896934116,0.004391646683755501,0.02741563536469961,0.11629594921124924
gap,0.7789999999999999,"(0.727, 0.831]",0.04378114007981016,0.01107118059529532,0.0030443839128344815,0.03869953685688344,0.12879498859309788,0.10659921715842241,0.06935701696156751,0.008080206926545654,0.04738251653810058,0.03676913803496082,0.009766444632651972,0.002922303354926332,0.03339666262274819,0.09948802466027269,0.04575731911094834,0.004501720572863018,0.03052776951190667,0.045276626914185,0.004806921967633392,0.030375168814521483,0.041789700978933475,0.004608541061032649,0.028917832154492947,0.1242856379853656
gap,0.8825000000000001,"(0.831, 0.934]",0.044487873827226375,0.010918242984992825,0.0028918199715866066,0.03848067672914248,0.12310066562339994,0.10586513013189872,0.0689709880505095,0.007312482421917255,0.0474806550945791,0.038206638926348735,0.009951899154088572,0.002963935182848118,0.0338580916872796,0.09990120216057173,0.04708402143264079,0.005055276309431949,0.03171626991281271,0.04716334816502845,0.00544469845024411,0.030995117800197595,0.04344220326393446,0.004701911774250543,0.030108100701681007,0.11989875024338884
gap,0.986,"(0.934, 1.038]",0.044185526609944376,0.011368567784016938,0.0029588522283444892,0.03991820417395421,0.10954328472048709,0.11006930289441501,0.06857304419867706,0.00596373104690767,0.049044619491603436,0.04018778848809226,0.010053522349197165,0.002866799047907105,0.0353221203792591,0.10506555501492576,0.048518601317675526,0.005339084465368279,0.03312599450311008,0.04766382178504267,0.005286482647975488,0.03250134792157069,0.04533619136541168,0.005168128558841708,0.030377549544336756,0.11156187946293544
gap,1.0899999999999999,"(1.038, 1.142]",0.045085947213133006,0.011696738397590138,0.0034267546653965818,0.04000148451465649,0.10088514186393185,0.11026851158849253,0.0677680940687454,0.0045277697022929565,0.04731890467560262,0.04124476553946644,0.010806029603696442,0.0033525289325721072,0.03711286641223735,0.10298820429395865,0.05070854647458697,0.005232914164125467,0.03523248118068399,0.050436385454230556,0.005300954419214568,0.033611886014016296,0.04770858977293111,0.005232914164125467,0.03305519301783273,0.10699639386648027
gap,1.194,"(1.142, 1.246]",0.04558442927240576,0.011792811888840744,0.00344884121277418,0.039769999180241475,0.09405557962782964,0.10362333266971929,0.06904123385368481,0.002857443992926655,0.046960452506704456,0.0438746472110644,0.011470763897834666,0.003267323254207118,0.0387570118630769,0.10375800728414002,0.05369418322774063,0.005117635347987493,0.03743954280896113,0.052458690025880945,0.005720743403871602,0.03572390532960148,0.05053811291588106,0.0052757316344813855,0.03461137590612594,0.10115820168401822
gap,1.2974999999999999,"(1.246, 1.349]",0.046120114506733444,0.012426449409537917,0.0035739267932824283,0.03967764120831643,0.08810787615873408,0.09412124311519449,0.06546516890918816,0.0012520500114624297,0.04578505886986321,0.04549115041646828,0.012026733912920803,0.0035915613004861248,0.04131765037826018,0.10399656714926435,0.05645981389716731,0.005396159204331035,0.03952480881255107,0.05643042305182781,0.005825265546287642,0.037138272170984185,0.053514851194150045,0.0053314993445841485,0.03838444401337871,0.09904127062502571
gap,1.401,"(1.349, 1.453]",0.045561564212927196,0.01266109946167335,0.003862708310341022,0.040570699824645305,0.08212853621748888,0.08486308844988902,0.062122159683135295,0.0009319550209076752,0.04251431654588039,0.04825932874713362,0.014046769426970288,0.0040956970655679405,0.042949637641172794,0.09948006719886203,0.05925271922402482,0.005499760879961741,0.04166206820439245,0.05936308231860599,0.0060393137868030265,0.040172166427546625,0.05752982869195208,0.005757274767317809,0.04047259929612871,0.10020355859667195
gap,1.505,"(1.453, 1.557]",0.04816735155409691,0.012982983535122315,0.004088640061777765,0.041100140654733996,0.08178659091535895,0.07929065887090102,0.053862489312998155,0.0006343252709672081,0.036363385642185386,0.048636200667420505,0.014189580517940373,0.004205852340108663,0.045106042637689955,0.09703108193827739,0.061260652527648306,0.0056882429189994204,0.043065170026751975,0.06348079097603354,0.00601919523428666,0.04320996166469015,0.06136407512617557,0.006012300394384842,0.042748007391268376,0.09970627982018257
gap,1.6084999999999998,"(1.557, 1.66]",0.050789326457639075,0.013921659247727697,0.004175686961316111,0.04281903464603958,0.08016508152724737,0.07337857669885595,0.04856769883161846,0.0006486504017578426,0.031573058305562986,0.05256500693245117,0.014335173878848322,0.00502704061362328,0.04714066794775121,0.09325160338271185,0.06337314425174122,0.005683799145403096,0.043378495617555725,0.06678666699099187,0.005878394265930448,0.045227149262565575,0.06592720520866273,0.0062189357268533155,0.04580282649412566,0.09336511720301947
gap,1.712,"(1.66, 1.764]",0.054356474533936286,0.013687316822608748,0.004471794458600651,0.04557403136299087,0.06784235917372519,0.05945270875927847,0.041746819889413735,0.0005438668936135927,0.02541066986272397,0.055826929468521184,0.015721781869089225,0.005086162616201191,0.049955181339322585,0.0966673045352456,0.06680498343220297,0.006103395139441428,0.04636968848512927,0.06927252767174612,0.007150842490104644,0.04789050146541913,0.07044083433210124,0.006667405251337006,0.05074076685231999,0.09221565329492692
gap,1.816,"(1.764, 1.868]",0.05496565465890619,0.014419799695873316,0.004679880446751612,0.0466152797441141,0.048109695348959154,0.04331183472287767,0.031867757327880025,0.0005899008966493629,0.018824393057521892,0.059042525300194014,0.015783126212574064,0.005689266425462744,0.05352367468931886,0.10647055739080279,0.07216454302343873,0.007524513659482985,0.05088878401761837,0.07516648314194327,0.007432751297781972,0.05101987310576268,0.07452414661003617,0.0076949294740705785,0.053340149965916836,0.0963504797860626
gap,1.92,"(1.868, 1.972]",0.059610273079723025,0.017082296375302623,0.005315997088052551,0.05028188328508304,0.030423078876530042,0.02725718252154333,0.022889261347283592,0.0006433372272165507,0.010242605854368767,0.06253915045626153,0.01598185111822168,0.005248277379924493,0.05652902635989639,0.11449709651751401,0.07610002200890514,0.008346454026783145,0.054869893510758966,0.07953679719640408,0.007906275923950767,0.05356628912929385,0.08128057968070157,0.008769702202583506,0.05803578986574568,0.09304687896795165
gap,2.0235000000000003,"(1.972, 2.075]",0.06131853058425136,0.01845342706502636,0.0072656350465086375,0.05118093360195465,0.01843199451326675,0.013781130781430838,0.012902396159286724,0.00060011144926915,0.004136482489605213,0.06442625058939518,0.018003343478074498,0.0058296540786146,0.059882549616357326,0.10497663851858202,0.08663037421235373,0.00814436966865275,0.06299026962150113,0.08645891379827682,0.0080586394616143,0.06110420506665524,0.0900167173903725,0.009687513395344849,0.06434052038235673,0.08137939903124866
gap,2.127,"(2.075, 2.179]",0.05994325225200408,0.01801603261618137,0.006335913611195284,0.05065976143907881,0.010440483733230489,0.005674774799592297,0.005344205393790805,0.0004132117572518663,0.0011018980193383103,0.06702294702625272,0.01928321533842043,0.007272526927632848,0.06129307732569351,0.0904382799371918,0.09735269000853972,0.007630643783917798,0.06911655326299551,0.09581003278146608,0.00884273160518994,0.06930938541637971,0.10063083661607118,0.008649899451805736,0.07123770695022176,0.06817993994655795
gap,2.231,"(2.179, 2.283]",0.054379245555716146,0.01752420870067929,0.005961844197138315,0.0452016187310305,0.0049862696921520455,0.00332417979476803,0.0014091631738690563,0.0007226477814713109,0.0002529267235149588,0.07121693886399769,0.022004624945801417,0.006576094811388929,0.0600881630293395,0.07175892470010117,0.1043503396444573,0.008165919930625813,0.0742520595461772,0.11020378667437492,0.007804596039890158,0.0739268680445151,0.11164908223731754,0.00932215638097991,0.08310449486920075,0.05181384593149299
gap,2.335,"(2.283, 2.387]",0.04701805203537992,0.016034759219986552,0.006362178658252729,0.04050069828790152,0.0011896756840635184,0.0013448507732891947,0.0003620752081932447,0.00015517508922567632,0.0001034500594837842,0.0687942895567165,0.02337971344333523,0.008172554699218952,0.06005275953033673,0.044742150726736665,0.11105363885584234,0.009413955413024363,0.07862204520767599,0.12103656959602752,0.00910360523457301,0.07903584544561112,0.1316919257228573,0.009672580561733823,0.09377747892205038,0.03837997206848394
gap,2.4385000000000003,"(2.387, 2.49]",0.0354251012145749,0.011977058029689609,0.004132928475033738,0.030870445344129555,8.434547908232118e-05,0.0006747638326585695,0.00016869095816464237,0.00033738191632928474,0.0,0.0641025641025641,0.02403846153846154,0.007928475033738192,0.056511470985155195,0.02471322537112011,0.11698717948717949,0.008434547908232119,0.08114035087719298,0.13723009446693657,0.008181511470985154,0.08923751686909581,0.15696693657219973,0.010880566801619434,0.10307017543859649,0.02690620782726046
aip,10.9565,"(10.912, 11.001]",0.06012422360248447,0.014472049689440995,0.0034161490683229812,0.04838509316770186,0.31080745341614907,0.03192546583850932,0.02770186335403727,0.0010559006211180125,0.0184472049689441,0.02888198757763975,0.00515527950310559,0.0017391304347826088,0.0253416149068323,0.041677018633540376,0.07472049689440993,0.013229813664596274,0.04962732919254658,0.043478260869565216,0.0068322981366459624,0.027888198757763976,0.031366459627329195,0.004285714285714286,0.02217391304347826,0.10726708074534161
aip,11.045,"(11.001, 11.089]",0.05761390618699879,0.01621791138389857,0.004166479996415931,0.048295327270283586,0.3045114466197751,0.03525827695891761,0.028314143631557726,0.0015680301061780386,0.019398772456431162,0.025715693741319833,0.006092916984006093,0.0015232292460015233,0.024595672236906948,0.04614488598181085,0.07262219434613144,0.012409838268894764,0.04954975135522602,0.04493526275704494,0.006854531607006854,0.029299762555441065,0.03149500470409032,0.005913713543300031,0.023386049012141034,0.10411719905022176
aip,11.133,"(11.089, 11.177]",0.05728556453104767,0.016155885798853055,0.0037614848615650245,0.04911512610223839,0.28824690139976566,0.03909477708577419,0.029567737559351298,0.002034901646420423,0.020965653326755873,0.027871986187334278,0.006012209409878523,0.0015107603132515262,0.027933649873589442,0.04988592218042794,0.07180736264413887,0.009712030585188382,0.04868348029845224,0.04704939261269039,0.006690509958685331,0.030646852068816673,0.03576493802799531,0.005210581488561386,0.02389467842387618,0.10109761361534192
aip,11.221,"(11.177, 11.265]",0.056201375067848745,0.015198118328206984,0.0036864483444906822,0.04625022616247512,0.270942645196309,0.04410168264881491,0.03288402388275737,0.0028496471865388094,0.02324950244255473,0.030916410349194862,0.006897955491224896,0.0015379048308304685,0.028767866835534648,0.054030215306676316,0.0679844400217116,0.00848109281707979,0.04758458476569567,0.05029853446716121,0.0052017369278089375,0.03378867378324588,0.03731680839515108,0.005450515650443279,0.024651709788311923,0.10172788130993306
aip,11.3085,"(11.265, 11.352]",0.054639904733962685,0.013961997135115544,0.004487168424140966,0.04713252679357299,0.25694216730234887,0.04868577740192948,0.03555218059127073,0.003279084617641475,0.024506842931846816,0.03040919524360147,0.007162211138532696,0.0022608425521633327,0.02928740313756623,0.05769463093039712,0.06691058453997895,0.007645444661132492,0.04525136772345236,0.05029080303056452,0.005816060611290406,0.032825362856600454,0.0395906321729976,0.004538943444419516,0.02899401135598778,0.10213485666948553
aip,11.396,"(11.352, 11.44]",0.05400811492488211,0.013968088606206821,0.003961508937383485,0.04748327667507402,0.23997971268779472,0.05270588880359688,0.038052418028292574,0.0037010637131264395,0.027662024344774647,0.03219925430420002,0.007840772014475271,0.002248053514639763,0.030239061300581203,0.06182147165259349,0.06470007676280294,0.006963482838030486,0.04437164162737142,0.05011514420440838,0.005387103849106262,0.03451584603574953,0.04153415944730782,0.0050032898344116675,0.030170523083671456,0.1013680228095186
aip,11.484,"(11.44, 11.528]",0.052930376110929635,0.01409148766009214,0.0038861416808407584,0.0484584971332665,0.21955010869932529,0.05601676109803215,0.03974002275364114,0.00408889689897158,0.029196751410838395,0.033837593070277214,0.008583304234204805,0.0025231760478502314,0.03113419016186625,0.06517453845027428,0.06558004888653593,0.006837356522522726,0.04341214503756603,0.0518377507687802,0.005508183425887336,0.03619180643635176,0.042668709237753025,0.0046858983745790015,0.030694887189249467,0.10337136871036418
aip,11.572,"(11.528, 11.616]",0.0537294443811477,0.013634119478941172,0.004282024989556037,0.04936196878204398,0.1989005354904865,0.06144848277695492,0.04346587672325396,0.004642816452090691,0.03078120846150925,0.034066309673009,0.008801412783411188,0.0024211006038509742,0.03095210968060461,0.06800919068778247,0.06431582545288823,0.006712620105578975,0.043931107819680223,0.052390718164900686,0.005354904864988037,0.03535756332839619,0.04447229501348221,0.00468079450077855,0.0313034066309673,0.10698416315369716
aip,11.66,"(11.616, 11.704]",0.05537247895087273,0.013341649037934784,0.004214039493978137,0.04806533446831464,0.1742673892339719,0.06488778012827537,0.04535992111318067,0.005216980893544935,0.03289479228999334,0.03404101103235539,0.008883195253305914,0.0026464168022182705,0.03188342281143859,0.07222863692678527,0.06538503678856478,0.006759319348340932,0.04453396937236096,0.05396498975988403,0.005275977446460628,0.036409301227971105,0.04542734574508432,0.004601731127424126,0.032077268628161584,0.11226201211957758
aip,11.748000000000001,"(11.704, 11.792]",0.055365580470726115,0.013210892124646732,0.004383850222159584,0.05100398329537953,0.14717423393886347,0.06851713113720487,0.049483358429825014,0.005704197666397157,0.0346776646169138,0.03625021325836529,0.00888638336065513,0.0028409723097920824,0.0322001587384006,0.0761499261940614,0.06364371388515944,0.006579484174374875,0.04448384057917263,0.054505129327290396,0.00585255131181711,0.03628730166972028,0.0473693189825907,0.004658304466186495,0.033490835453554184,0.11728097438674312
aip,11.836,"(11.792, 11.88]",0.05561330212783079,0.013707173465487296,0.004459525613771552,0.049437026804096056,0.11829478470215063,0.07331057745827158,0.05232733588610439,0.006089096627525667,0.03644740106894494,0.037607548333881,0.009824368457406502,0.0030981967421991833,0.03471053319831812,0.08045923054741515,0.0647938894440011,0.0067395838223164055,0.04531280386805169,0.05471469095152194,0.005887915020889357,0.03769472703009006,0.04879995171641441,0.005579436557380347,0.03524031142912707,0.11985058912680477
aip,11.9235,"(11.88, 11.967]",0.056079777628489196,0.014557691478018626,0.0046039777875020805,0.05013836586523349,0.09013811933362506,0.08125681813979575,0.055654510603940804,0.005941411763255696,0.03818158285619195,0.039044443485710414,0.009984530141570776,0.0032603805215376176,0.03570394019143179,0.0856820605111833,0.06492409908105343,0.006902885036147697,0.04557753110920734,0.055179937257705654,0.005818145959038773,0.03758990699595072,0.05111216571854719,0.005300429581327696,0.03689961849233595,0.12046767046119901
aip,12.011,"(11.967, 12.055]",0.05440423510877372,0.014665338368510066,0.004824734147302088,0.049382573037091954,0.06128512846651067,0.08894191784630355,0.05992980098695642,0.0065159974978569605,0.04143016009081853,0.0402196325556611,0.010912123809744457,0.0031971827722818156,0.037427889627690385,0.09294418830943169,0.0646908231587239,0.006394365544563631,0.04511387067627366,0.05834858559414313,0.006226397609063318,0.04078724833769664,0.05307207562032296,0.005658781827027779,0.0375958575631907,0.11603109144406089
aip,12.099,"(12.055, 12.143]",0.05228144365840766,0.014233014294872516,0.004183865126584414,0.0445547895133445,0.039347452003644014,0.09689809139270973,0.06347778165172697,0.006455748878116811,0.0447403641762172,0.044301733154881735,0.011786802829732435,0.0033234735078110063,0.04088266057831813,0.10372498959657193,0.06211127731602803,0.005533499038385838,0.04399806552472642,0.06040736450237873,0.006270174215244115,0.040466523455512694,0.055160662670250694,0.005882154465601206,0.03969610743085938,0.11028196101807385
aip,12.187000000000001,"(12.143, 12.231]",0.04475457977905188,0.012921269752482171,0.003926723535169907,0.04011746608865893,0.024438540064326667,0.10703398126136204,0.06784505663543561,0.00655013284855265,0.04684100125856524,0.04911201230597119,0.012669556705355894,0.003943504404978325,0.04503426094252552,0.11565375471961964,0.05574045588029646,0.004189623828835128,0.04040833449867152,0.061843098867291287,0.006192140959306391,0.04333939309187526,0.059678366662005315,0.005744651097748567,0.04229338554048385,0.09972870927143057
aip,12.275,"(12.231, 12.319]",0.03784987084948975,0.011275716679470816,0.0031334877896812673,0.031891404685713595,0.013937366539431739,0.11511635644330988,0.07072124662000714,0.005746744015824718,0.047812910211661654,0.05535021867873281,0.015092764546823866,0.004978495078972361,0.05002086975458379,0.1302998590535415,0.04905299707823436,0.0032000290361802906,0.03443811966535802,0.06568830870299013,0.005946367755321787,0.04343933555540769,0.0643453853645553,0.006212532741317879,0.04619777268300355,0.08825184047038612
aip,12.363,"(12.319, 12.407]",0.030961508090336105,0.009353778122352874,0.0025412413317827454,0.025139624700291453,0.009052274913497294,0.1251094743794059,0.07293506195173077,0.005707025024766335,0.05025771345709322,0.06051600120601284,0.016489354065268268,0.00556345206816844,0.0535742487545046,0.1419649394839988,0.04246170191382751,0.00269917158404043,0.028204907323656516,0.06495958421271769,0.005391164520250966,0.043251353175115935,0.07068096653314382,0.006597177355673285,0.04924552411307806,0.07734275171928616
aip,12.451,"(12.407, 12.495]",0.02442068755240491,0.007384328073786112,0.0019342175470691363,0.019913865386081257,0.005926518789541885,0.13154584953121426,0.07582513911121275,0.005278603552100008,0.04988947328302462,0.06803109993139721,0.020190182178519703,0.006164722920954341,0.05922707523439286,0.14865843433188505,0.034339507584419546,0.0019342175470691363,0.022762786797774222,0.06546802347739919,0.005545392179281958,0.04223835658205656,0.07636824453083314,0.006993673298269686,0.05155690220291181,0.06840269837640064
aip,12.538499999999999,"(12.495, 12.582]",0.019165032221910898,0.005982067806108154,0.0014429812272345195,0.015522555337629588,0.004174838890445503,0.13733538806388343,0.07616979546091342,0.005253572429251892,0.047772485289997196,0.07371812832726254,0.023157747268142338,0.007326982347996638,0.06144578313253012,0.1547072008966097,0.0291678341272065,0.001625105071448585,0.01853460353040067,0.06517231717567946,0.005197534323339871,0.04134211263659288,0.08412720650042028,0.007074810871392547,0.0561081535444102,0.05847576351919305
aip,12.626000000000001,"(12.582, 12.67]",0.016605038928825703,0.0047771066351255135,0.0015847132587675985,0.012310236328977285,0.003399095105762385,0.13881169472451252,0.07569876667968121,0.005489079258629797,0.0454054798925151,0.07808731999724397,0.025148710410877104,0.007142693093865552,0.0642153372683218,0.15089226246526263,0.02503387611676351,0.0015387795411221606,0.01575526515238511,0.06655795686823913,0.0053512781056934845,0.0403987046691624,0.09439378976137433,0.007739831423256242,0.05879515858616017,0.054867825727475256
aip,12.713999999999999,"(12.67, 12.758]",0.014446490689584613,0.004419889502762431,0.001064047472887252,0.010272150603642316,0.002537343973808062,0.13877634540617967,0.07448332310210763,0.005156537753222836,0.04362594638837733,0.08496009821976673,0.028483732351135667,0.008839779005524863,0.06355637405361163,0.1498669940658891,0.022385921833435646,0.0015142214037241661,0.013709842439124207,0.06457949662369551,0.005320237364436259,0.03658686310620012,0.1033353795784735,0.00847145488029466,0.06114180478821363,0.052465725393902186
aip,12.802,"(12.758, 12.846]",0.012094304960195958,0.0038273116962645438,0.0011481935088793632,0.009338640538885487,0.0027556644213104714,0.13625229638701775,0.07578077158603796,0.006047152480097979,0.043248622167789345,0.08573178199632578,0.03191977954684629,0.009415186772810778,0.06858542559706063,0.13923759951010412,0.019595835884874464,0.0013012859767299449,0.011711573790569503,0.06674831598285365,0.0052051439069197795,0.035670545009185546,0.11221677893447643,0.010027556644213105,0.06360992039191672,0.048530312308634416
aea,-8.4955,"(-8.549, -8.442]",0.02647111429082454,0.005663864544207953,0.0015501102963095452,0.025040243248077267,0.04942467060156203,0.2458713408454063,0.0941393906874143,0.020986108626959994,0.06230250998628749,0.04304537053598045,0.011148870208072497,0.0036367972336493175,0.033744708758123174,0.14636618374768973,0.015918440350563407,0.0006558158945924998,0.009777618792106361,0.028140463840696357,0.002384785071245454,0.01907828056996363,0.033267751743874086,0.0019078280569963632,0.022476599296488403,0.09700113277290884
aea,-8.389,"(-8.442, -8.336]",0.025296956834286104,0.0065039537192345875,0.0015404100913976653,0.02628966555985349,0.04949851093691165,0.24047513093485776,0.09362270222161366,0.020607263889364322,0.06377297778386334,0.04330263923595659,0.010885564645876835,0.003046588847430938,0.0368329168520864,0.14425084722555026,0.01869030910895834,0.0009927087255673843,0.011809810700715436,0.029986649779207886,0.0019854174511347686,0.018382227090678806,0.034128641358299384,0.0028069694998801905,0.02177112929175367,0.09352000821552049
aea,-8.283000000000001,"(-8.336, -8.23]",0.029767688366752053,0.0062715307834996905,0.0017003798251037895,0.028663545623178164,0.05321968024026146,0.2266363395459765,0.09345464181609399,0.018174189559226218,0.06216323646320997,0.04356947266142567,0.010842681741895592,0.0035995053440508787,0.037916261814327355,0.13686953449341932,0.01994081794894444,0.0010820598887024114,0.013934281423902482,0.0333009451461885,0.0029370196979065454,0.02153078349969084,0.03586255631127992,0.0029370196979065454,0.022657009098136206,0.09296881900892147
aea,-8.177,"(-8.23, -8.124]",0.032109675271615776,0.007338922010713313,0.0023000332899555127,0.030414913900069607,0.06152589050630996,0.2123899161698393,0.08652362073661593,0.017219986078745878,0.06002784250824683,0.04474472656841086,0.011727143419181067,0.003601367914535605,0.03900977514148231,0.13176769663771448,0.0233937596465212,0.0015131797960233635,0.017053536301183305,0.03521169385346367,0.003223072965529764,0.022697696940350454,0.03723935478013497,0.003843476681899343,0.02448324909965802,0.09063946978179947
aea,-8.071000000000002,"(-8.124, -8.018]",0.03398881352946358,0.008136615872456619,0.002367215713908218,0.03201796881881441,0.0670857923015943,0.1953228221615432,0.08495551836518982,0.01455562406412402,0.0592904959041663,0.04508720162071699,0.011913150709063684,0.00332511230511759,0.03915264687747732,0.12806086496961155,0.027867083590240465,0.002080947767110015,0.01850832379106844,0.03793050295076191,0.0033471329164097593,0.024773187703690653,0.040022461023518016,0.003754514225314895,0.026138465603805162,0.09031753721483309
aea,-7.965,"(-8.018, -7.912]",0.036143021994109646,0.008439399941440898,0.0025404316150255766,0.03350786242055769,0.07252716970083188,0.17338661063364394,0.08383424329584403,0.011238180534265686,0.05792184082258314,0.04503022683040251,0.012469643995108593,0.0036168856891889566,0.041215273591567486,0.12876113053512686,0.03027850019806755,0.0018945591705275485,0.020891820671362877,0.04089664318561513,0.0035996624240023424,0.02757444756376914,0.04193865072940528,0.004116360379600764,0.02797919429565457,0.09019823978229793
aea,-7.859,"(-7.912, -7.806]",0.03662977250603887,0.0089843890831741,0.002848181129898691,0.03466128276309623,0.07889822259076323,0.15057143887226448,0.08065760536467534,0.009532393553736886,0.057605364675343405,0.04828928867577604,0.012834841547391571,0.004023506507553088,0.04169881385874464,0.12484407109636947,0.03466128276309623,0.002538125968922378,0.023117135955582794,0.04499405126726034,0.004549879222698922,0.028921656992464937,0.04280924397014818,0.004369614594224322,0.029347081515664997,0.09261275552511086
aea,-7.753,"(-7.806, -7.7]",0.039399162767791186,0.01014023323799241,0.002797087997777483,0.03554132808011163,0.08477133963467379,0.13105904191843615,0.07513622386806332,0.007368401113784024,0.05481787358172485,0.04869332424121885,0.01260268091097936,0.003977800087132764,0.042581402837497395,0.12186590393928488,0.03791538019560674,0.002980193081153436,0.025723107230125206,0.046773877849967484,0.004773360104559317,0.03223912261095221,0.047140088016719386,0.004830185820089785,0.03194236609651532,0.09493051477784302
aea,-7.647,"(-7.7, -7.594]",0.04244937514790232,0.010941954677094015,0.0028115527208392964,0.03711362278991672,0.09114727127257975,0.11398338986488771,0.0703169898919327,0.005611836693298475,0.049999436562581,0.04795415873158968,0.012987232508085327,0.0038820838169504514,0.043717109340665535,0.11461443977417428,0.04240993452857191,0.0035665588623071637,0.029214230175454412,0.05163903945188808,0.005059668022672722,0.0337329982758815,0.049824770962689176,0.005031496151722428,0.03459505752696048,0.09739579224935487
aea,-7.541,"(-7.594, -7.488]",0.04373845422063915,0.012228847026028474,0.003301954624395748,0.03881041138925454,0.09482195993407153,0.09449563611022002,0.06665855466200594,0.004186900587382883,0.048334642315903585,0.047659871019125895,0.012781938252895433,0.00394907135983009,0.04332363580048893,0.10853309144810346,0.047527129124677825,0.0038495149389940375,0.03293658255992744,0.053788121812811805,0.0054092321987588635,0.036498490060950656,0.053550292585259014,0.00531520669019148,0.03727281777856439,0.10102764349951882
aea,-7.4345,"(-7.488, -7.381]",0.0462435962313715,0.011974549817197637,0.0037072205511931907,0.04093294593257635,0.10122645317928278,0.07302428456897875,0.06285217173756062,0.003127256599932906,0.04508935424994172,0.04785271190006425,0.013123105877536631,0.003934657394824675,0.042843415419080814,0.1031539804290596,0.053652351412667096,0.0047306863475348685,0.03642401050758218,0.05747329038567603,0.005919043855509373,0.0387950396024404,0.055426358792992673,0.005714350696241038,0.038618776048626,0.10416038846212892
aea,-7.328,"(-7.381, -7.275]",0.04958792620765133,0.012667565590175532,0.0040814352140183694,0.04266460277053869,0.1065163892298483,0.052472140425557645,0.058010799175247756,0.0020195546096031637,0.03949015315963551,0.048832104871722,0.012474075328177623,0.003948410658894808,0.04354135552021671,0.0980451436967524,0.0591536010351729,0.005460053330753463,0.04093528355393239,0.061306180199899626,0.006312619797681745,0.040687374155747566,0.05697683558769644,0.006034477546059752,0.04034876619725123,0.10843315213776507
aea,-7.2219999999999995,"(-7.275, -7.169]",0.05188893338673074,0.013763182485649447,0.004104925911093312,0.044693632358830594,0.11361633960752904,0.03367374182352156,0.04976638633026298,0.0013549592844747029,0.03217193966092644,0.04918568949405954,0.012968896008543585,0.0039981310906421035,0.04483380056067281,0.09412628487518356,0.06226805499933253,0.006627953544253103,0.043572286744092914,0.06270858363369376,0.006888265919102923,0.04314510746228808,0.060312374849819786,0.006407689227072487,0.04388599652916834,0.11403684421305567
aea,-7.116,"(-7.169, -7.063]",0.053861734651302166,0.015187491939705202,0.004498592767355237,0.04637419491879016,0.11660686244016416,0.02099090419438776,0.03869700119102709,0.0008724083781548942,0.02336537221493108,0.049484520440907606,0.013723363096366988,0.004491006607545194,0.044470068806469476,0.08597394912721232,0.06874578019860567,0.00714616254106009,0.04925693564660633,0.06797199189798132,0.006994439344859239,0.045607992777975864,0.06413339503409979,0.006653062153407324,0.04583557757227714,0.11905719205880791
aea,-7.01,"(-7.063, -6.957]",0.05747493399140594,0.01651509137660276,0.004995944570038139,0.0483372737156367,0.12481232850708406,0.01354686178749547,0.028431152604966606,0.0006126287814727251,0.01599737691338637,0.04712064472707819,0.013477833192399952,0.004288401470309075,0.04391944362952353,0.07318756795002329,0.07604362607210037,0.007713945501924172,0.05301396103335807,0.07269573920996773,0.00782611696895439,0.049407216939617235,0.0688732807565534,0.007204859613094724,0.04861338809601878,0.11589038259098831
aea,-6.904,"(-6.957, -6.851]",0.06129347645198868,0.01669370943584623,0.00517973040439341,0.050746796471958726,0.1311990347811616,0.00798801797304044,0.0206461141620902,0.00035363621234814444,0.011087535363621235,0.043247628557164255,0.012065235480113163,0.003879597270760526,0.04059535696455317,0.05863080379430854,0.08385338658678648,0.008986520219670495,0.0586412048593776,0.07566774837743385,0.0077175902812448,0.05357588617074389,0.07535571642536196,0.007571975370277917,0.0525565817939757,0.112466716591779
aea,-6.798,"(-6.851, -6.745]",0.06375151167971485,0.01729998090509834,0.005715740563936096,0.052001782190821716,0.1389726942906244,0.005372032334033479,0.014295716377060659,0.0003818980332251289,0.0064795366303863535,0.040697600407357905,0.012386226210935014,0.003475272102348673,0.03597479472980714,0.0458404939214563,0.09285214181146967,0.009432881420660684,0.06415886958182165,0.08168798930685507,0.008630895550887913,0.05584622239195468,0.07856915536884986,0.007981668894405193,0.057271975049328495,0.10092292024696073
aea,-6.692,"(-6.745, -6.639]",0.06483715319662244,0.018814502077469507,0.006349685028816512,0.05138386275298217,0.1402459455837019,0.004087923870794799,0.00993499530893982,0.0002010454362685967,0.004406245811553411,0.034194477952017154,0.0101192869588527,0.0030659429030960995,0.03236831523924407,0.03548451950140732,0.10469441093687173,0.011878434526202922,0.07445382656480365,0.08775633293124246,0.008477415895992494,0.05780056292722155,0.0819762766385203,0.00841040075056963,0.05646026001876424,0.0925981771880445
aea,-6.586,"(-6.639, -6.533]",0.06457320813476147,0.019463973953663945,0.006252064360873873,0.05251734063134054,0.1379464917661492,0.003491718963808805,0.006794696362006323,0.00011796347850705422,0.002901901571273534,0.030057094323597416,0.010192044543009484,0.0026423819185580144,0.026777709621101306,0.025810409097343463,0.12138441938375878,0.014037653942339452,0.08144198556127023,0.09012409757938943,0.008847260888029066,0.060892747605341385,0.08472137026376633,0.008045109234181098,0.06053885716982022,0.08042749964610957
aea,-6.48,"(-6.533, -6.427]",0.06143768315807619,0.01930701603171867,0.006205826581623858,0.05085330115497328,0.13594207895190485,0.0033442509912084122,0.005516290294776763,0.0001034304430270643,0.002068608860541286,0.02689191518703672,0.007722806412687468,0.0026202378900189623,0.025305981727288398,0.019479400103430442,0.13532149629374246,0.01641096362696087,0.09374245819686261,0.09067402172039303,0.008239958627822789,0.05992070332701258,0.08474400965350802,0.008412342699534564,0.05954145836924668,0.07619375969660404
aea,-6.374,"(-6.427, -6.321]",0.06024358416702914,0.02071552849064811,0.005654632448890822,0.047520661157024795,0.1247281426707264,0.0032079164854284473,0.003316659417137886,0.00016311439756415834,0.0017942583732057417,0.02359721618094824,0.007503262287951283,0.002066115702479339,0.02218355806872553,0.015169638973466725,0.15104393214441061,0.019084384515006523,0.10134841235319704,0.09678120922140061,0.009895606785558939,0.06084167029143106,0.08547194432361896,0.009351892127011744,0.061711613745106565,0.06660504567203132
aea,-6.268,"(-6.321, -6.215]",0.05853174603174603,0.019029581529581528,0.007215007215007215,0.045815295815295816,0.1148989898989899,0.001893939393939394,0.004148629148629149,0.0,0.0018037518037518038,0.021645021645021644,0.007846320346320346,0.0021645021645021645,0.01966089466089466,0.011724386724386724,0.16206709956709955,0.022637085137085136,0.11516955266955267,0.09704184704184704,0.007936507936507936,0.059704184704184704,0.0891053391053391,0.010101010101010102,0.05781024531024531,0.06204906204906205
