property,bin_midpoint,bin_left,bin_right,molecule_count,cyclobutadiene,borinine,14diborinine,dhdiborinine,borole,pyridine,pyrazine,pyrrole,furan,thiophene
homo,-11.0305,-11.07,-10.991,8265,0.02823029796714007,0.014480646059593427,0.000278473962684489,0.21164021164021163,0.11915204678362573,0.21626984126984128,0.1525689223057644,0.01455026455026455,0.15618908382066277,0.08664021164021164
homo,-10.9515,-10.991,-10.912,16053,0.03943321616871705,0.021510691271236088,0.0005309021675454013,0.1830697129466901,0.1237002050380785,0.19434680726420622,0.16721587580550673,0.025391769185705917,0.14338019917984768,0.10142062097246632
homo,-10.873000000000001,-10.912,-10.834,23918,0.04980508946514612,0.03628241446938331,0.0012227306844870584,0.16005665722379603,0.1266797414106196,0.17097648967337353,0.16361589307764945,0.040338006343672066,0.14028716011718845,0.1107358175346844
homo,-10.7945,-10.834,-10.755,30774,0.060191668726144384,0.05480041372619015,0.0027825832257828303,0.13839690254551446,0.1329964943112649,0.15000320363200337,0.1568315164163257,0.05863561889593688,0.12914298267292748,0.11621861584790986
homo,-10.716000000000001,-10.755,-10.677,36242,0.07052395209580839,0.07428892215568862,0.005523952095808383,0.12273952095808384,0.13282934131736526,0.13673652694610777,0.14553892215568862,0.07668413173652694,0.11911676646706587,0.11601796407185629
homo,-10.6375,-10.677,-10.598,39270,0.08303195608984072,0.0948109236623228,0.010701417651614642,0.11352661885038892,0.12573660639121798,0.12100885611341212,0.13136007004074485,0.09253459945449036,0.11258376266962992,0.11470518907633767
homo,-10.559000000000001,-10.598,-10.52,39424,0.09776781934122337,0.11155041132830056,0.018074996580406053,0.10281579135917461,0.12305978752922939,0.10587062861907026,0.11478111341978935,0.1044050883557941,0.10927068202987096,0.11240368143714136
homo,-10.481,-10.52,-10.442,37222,0.1107981220657277,0.12404426559356137,0.027820254862508383,0.09287726358148893,0.1186317907444668,0.09778001341381623,0.10238095238095238,0.11569416498993963,0.10098591549295774,0.10898725687458082
homo,-10.4025,-10.442,-10.363,34283,0.12287433628318584,0.13166725663716813,0.04248495575221239,0.08426194690265487,0.11510088495575221,0.08895575221238938,0.09095929203539822,0.12181238938053097,0.09639646017699115,0.10548672566371682
homo,-10.324,-10.363,-10.285,31481,0.1319757093498063,0.13278340338334058,0.061825986807664116,0.07879504016034222,0.10829082968126,0.08576514052380453,0.08572774728151128,0.12178979014912425,0.09441045814200458,0.09863589452114215
homo,-10.2455,-10.285,-10.206,29258,0.13226208113986698,0.129141317025502,0.08891813510702014,0.07337736027487943,0.1025911799010182,0.08621504901806261,0.08214859880843552,0.11789553320934337,0.09199161491662201,0.09545913059924975
homo,-10.167,-10.206,-10.128,28225,0.13050975841673515,0.12255636674241326,0.11946203806668923,0.07015423294493062,0.09685087592064336,0.0834018275878741,0.0805734177827201,0.11041273831971507,0.09155667295202179,0.09452207126625731
homo,-10.0885,-10.128,-10.049,27224,0.12652491283226167,0.11655810764484059,0.14898367015895048,0.06863048404224187,0.08991028203048572,0.08427468916444393,0.07730963151249613,0.10490229688035653,0.08877312976077996,0.09413279597314314
homo,-10.01,-10.049,-9.971,26330,0.1192817145494605,0.10881397556366423,0.17832603262242117,0.06366858546186067,0.0844124742007681,0.08293201194820124,0.07336125891543077,0.10370202649156572,0.08986405873080842,0.09563786151581917
homo,-9.9315,-9.971,-9.892,24238,0.11116452689327527,0.10800671153592369,0.20553136134834002,0.05963086552419735,0.07793676828233698,0.07985031012574703,0.0699809588447109,0.10646079595799635,0.08544954093848388,0.09598816054898855
homo,-9.853,-9.892,-9.814,21556,0.10621772534531257,0.10932448885343633,0.22348755195432218,0.05471472354003107,0.07124564423359503,0.07647256391956002,0.06701582770057517,0.11191695705109367,0.08462781812838491,0.09497669927368907
homo,-9.775,-9.814,-9.736,17848,0.10139477556564501,0.1089031706304788,0.24372728301744412,0.0480059362855454,0.06459483593465055,0.07415326181283093,0.06345034020450001,0.11619775880066908,0.08299480575014778,0.09657783199808831
homo,-9.6965,-9.736,-9.657,14421,0.09944025235032163,0.11477919346857991,0.2563551459673429,0.0407749876298862,0.058603414151410196,0.06908708560118754,0.05608300346363187,0.12634524987629886,0.07958621969322117,0.09894544779811974
homo,-9.618,-9.657,-9.579,10854,0.09668892879481851,0.11692661568572063,0.2717055749480438,0.035774096567865864,0.05346946187526482,0.06692762454349185,0.05007969976392728,0.13224107665301346,0.07754080829684631,0.09864611287100744
homo,-9.5395,-9.579,-9.5,7855,0.0933832709113608,0.12173671799139964,0.28600360660285756,0.0299625468164794,0.04866139547787488,0.062421972534332085,0.04774587321403801,0.14032459425717853,0.07443473435982799,0.09532528783465113
homo,-9.461,-9.5,-9.422,5452,0.08973053423155256,0.12705624314585617,0.298253172489425,0.026907410308632303,0.042691524361585464,0.06031646561178129,0.040929030236565876,0.15251449161836128,0.06873727087576374,0.09286385712047626
homo,-9.3825,-9.422,-9.343,3637,0.0853345768244346,0.12019118675681977,0.326299836791793,0.02209139659594311,0.0382373513639543,0.0553159244579156,0.03631382606668221,0.15551410585218,0.06773140592212637,0.09297038936815108
lumo,-9.962,-10.008999999999999,-9.915,5238,0.09070051437664212,0.05835769529659919,0.03241683010768605,0.2097102468267772,0.21074640121378085,0.09391999407911779,0.14435850941790326,0.030640565444251193,0.07127261962032343,0.05787662361691892
lumo,-9.869,-9.915,-9.823,8731,0.09283421471953444,0.06138142853843845,0.038288340299748286,0.21328776297254232,0.1928965660577789,0.09742973927903378,0.13056832090155415,0.03625614853474355,0.07320508971664781,0.06385238897997829
lumo,-9.777000000000001,-9.823,-9.731,13148,0.09311007325721248,0.06611892972618359,0.04587557207791194,0.21199293981662268,0.17216225925868076,0.0962028084534762,0.1276299964074288,0.04425110510613705,0.07425688445978663,0.06839943143655988
lumo,-9.6845,-9.731,-9.638,17770,0.09059587020648968,0.06978171091445427,0.05371091445427729,0.1959410029498525,0.15936283185840708,0.10101474926253687,0.13238938053097346,0.05000589970501475,0.07799410029498526,0.06920353982300885
lumo,-9.591999999999999,-9.638,-9.546,24478,0.08857756691433175,0.07514994181362457,0.05898308119237311,0.18343926237579447,0.149449467370871,0.10337480977531108,0.1320293617402202,0.054471399158535494,0.08049413660370602,0.0740309730552323
lumo,-9.4995,-9.546,-9.453,31737,0.08800259403372244,0.07908200028822597,0.06851131286928952,0.1637051448335495,0.1470745064130278,0.1043522121343133,0.12311572272661767,0.05922323101311428,0.08590575010808474,0.08102752558005476
lumo,-9.407,-9.453,-9.361,37402,0.09037595298404102,0.08543478532123829,0.07418614227069113,0.1403678424815642,0.14276356013625643,0.10482512508890358,0.11653544289582371,0.06826547546261058,0.08944012577517688,0.08780554758369415
lumo,-9.3145,-9.361,-9.268,39865,0.09411408595321895,0.09088535020506033,0.08322303797919127,0.11749274424733065,0.14052122715699134,0.10181794441114152,0.11022808881397378,0.07927614593410767,0.09038086024441055,0.09206051505457394
lumo,-9.222000000000001,-9.268,-9.176,40986,0.09664391488155688,0.09433527786306417,0.09135943884178456,0.09876951418247089,0.13295623627217118,0.10234760633900947,0.1064039583382537,0.0869960558324083,0.09316029380505893,0.09702770364422192
lumo,-9.1295,-9.176,-9.083,39272,0.10254923597733182,0.10027992344187381,0.09835350153677345,0.08147081377298146,0.12152043939875687,0.10352803286762552,0.10316643911197561,0.09617147025267922,0.09382111084095486,0.09913903279904739
lumo,-9.036999999999999,-9.083,-8.991,36624,0.10947866335056891,0.10719489302874027,0.10400303599140706,0.06314591056023529,0.10516186306865542,0.10602928918495828,0.10421311575394916,0.1032237078400412,0.09593868381640384,0.10161083740504055
lumo,-8.9445,-8.991,-8.898,33382,0.11790840223497343,0.11171854997816232,0.1124263919637344,0.04761366888055543,0.08496362897031581,0.10782541905751593,0.10506182322022922,0.10967785659422581,0.099090347746201,0.10371391135408665
lumo,-8.852,-8.898,-8.806,30748,0.1264016225157306,0.11610296990200071,0.11995145752117499,0.03242537840690899,0.06524142402353977,0.11257865294621261,0.10117449524965297,0.11479797518016407,0.10323588818605733,0.10809013606855794
lumo,-8.7595,-8.806,-8.713,28293,0.128929418742586,0.12117252372479241,0.1239435053380783,0.020685053380782917,0.04529952550415184,0.11872590450771056,0.09671559905100831,0.11775281731909845,0.1123313315539739,0.11444432087781732
lumo,-8.667,-8.713,-8.621,26460,0.1279721493399761,0.12733917979397863,0.13006503251625812,0.012424579636757154,0.030576512746169,0.12042756071913507,0.08272503598738144,0.12494002103092362,0.1181713305632408,0.12535859766618002
lumo,-8.575,-8.621,-8.529,24295,0.12105607230104025,0.1338784966338269,0.14010620362193346,0.007328738057827069,0.021148971797547912,0.11629640673922767,0.06388274019107476,0.1363443474670551,0.12771960408757785,0.13223841910288905
lumo,-8.4825,-8.529,-8.436,21576,0.10857610086117082,0.1446977989370541,0.1496037031664183,0.004760837168818494,0.013148350851279886,0.10856291294657576,0.04400807100373218,0.14941907236208737,0.13573001701240983,0.14149313569045327
lumo,-8.39,-8.436,-8.344,17900,0.09190013646945493,0.15499719033475154,0.1571325359235771,0.0029220518583928713,0.00805972545556715,0.09355382515854539,0.028481978004334912,0.16917395841695432,0.14578148831982018,0.14799711005860158
lumo,-8.2975,-8.344,-8.251,14360,0.07554432578613869,0.15685268165577687,0.17045342387334925,0.001381788033715628,0.0048559979470577785,0.0764326180935273,0.016166919994472846,0.18847588779881166,0.15195720405061292,0.15787915276653705
lumo,-8.205,-8.251,-8.159,10424,0.06332481907194551,0.16009472115793955,0.17385057471264367,0.0007183908045977011,0.0028735632183908046,0.05826947637292465,0.009099616858237548,0.21722009365687528,0.15456045125585355,0.15998829289059174
lumo,-8.1125,-8.159,-8.066,6944,0.051627384960718295,0.15759123805100816,0.16862107666705367,0.0005031154456441813,0.0016254499013119703,0.04500948179109099,0.005108556832694764,0.2598010758930299,0.15047021943573669,0.15964240102171137
lumo,-8.02,-8.066,-7.974,4197,0.04100355738625726,0.14229545029020782,0.1712538226299694,0.0005616925669350309,0.0017474879860200961,0.03544904200212195,0.0024964114086001373,0.2948885976408912,0.14566560569181802,0.16463833239717907
gap,0.2595,0.207,0.312,7742,0.08023468454739409,0.0906227776084527,0.2104287310779234,0.13809306105862035,0.12460631921162248,0.07337701920146297,0.08440008127603373,0.06728131667174642,0.06215076704256832,0.06880524230417556
gap,0.364,0.312,0.416,10703,0.09264269342050878,0.09275542028332018,0.18628114079585165,0.12041107729305227,0.13906737308834027,0.07439972945552925,0.08649907939728704,0.07250216059820389,0.0635779506256341,0.07186337504227257
gap,0.4675,0.416,0.519,14782,0.10066131904847372,0.09476605320926122,0.17024478469163756,0.11290745675194323,0.13955350609545636,0.07833662382129199,0.09288840413635045,0.0733249575458022,0.06440612444947605,0.07291077025030719
gap,0.571,0.519,0.623,18985,0.10878483056579895,0.09256147853978922,0.1615789129154029,0.11263610377708438,0.13335442623666238,0.07847651050644788,0.09547448122367932,0.07434157411246155,0.06744637674834712,0.0753453053743263
gap,0.675,0.623,0.727,22892,0.11629594921124924,0.09340058616539419,0.14447415084111978,0.11164705125731558,0.13037126870813925,0.07868213849305881,0.09828836029877898,0.07865457585696829,0.07159854101779628,0.07658737815017962
gap,0.7789999999999999,0.727,0.831,28192,0.12428279313922969,0.09659403039736313,0.12792986632484893,0.10747421107245315,0.12481688335469694,0.0828526521394128,0.09948574742110725,0.08079258987975341,0.07531435024110358,0.08045687603003113
gap,0.8825000000000001,0.831,0.934,30176,0.11989875024338884,0.09677861351294828,0.12230739829952332,0.10665839745577535,0.12376412556700585,0.08498056495056502,0.09990120216057173,0.08385556765488544,0.07825221573986602,0.08360316441547015
gap,0.986,0.934,1.038,33566,0.11155967887223928,0.09842920921302659,0.10880471302987067,0.11082326795494743,0.12357895705803838,0.08842848595230424,0.10506348256612905,0.08698196450762383,0.08088027405006279,0.08544996679575775
gap,1.0899999999999999,1.038,1.142,36381,0.10699639386648027,0.10021092479077622,0.10011195714701025,0.11104169630541415,0.11961476844664097,0.09251619048797234,0.10298820429395865,0.09117394181939642,0.0859966969548893,0.08934922588746141
gap,1.194,1.142,1.246,39708,0.10115760936392966,0.10059549252560267,0.09339922591827056,0.1042843842771236,0.11885843438749759,0.09736917608895498,0.10375739974119204,0.09625079779603356,0.09042469098212351,0.09390278891927183
gap,1.2974999999999999,1.246,1.349,41103,0.09904127062502571,0.10179813191787022,0.0875494500972837,0.09467966917664486,0.1125022777905138,0.10242709600813539,0.10399656714926435,0.10138078191404941,0.0972307945521129,0.09939396076909963
gap,1.401,1.349,1.453,41068,0.10020355859667195,0.10265607180958687,0.0817300028203902,0.0852616218469877,0.10556843124992336,0.10935143288084465,0.09948006719886203,0.10641454830837901,0.1037597027553986,0.10557456253295565
gap,1.505,1.453,1.557,37757,0.09970627982018257,0.106339115805731,0.08135911084144626,0.07971813894481371,0.09086020022615075,0.11213767616315949,0.09703108193827739,0.1100140654733997,0.11012438291182879,0.11270994787501035
gap,1.6084999999999998,1.557,1.66,33465,0.09336436019264761,0.11170480159566705,0.07996172993659494,0.07358879141193832,0.08078875249322977,0.11906692396257318,0.09325084729271733,0.11243452738093307,0.11794801109183194,0.1178912546418668
gap,1.712,1.66,1.764,28138,0.09221565329492692,0.11808961717813656,0.06757042572691839,0.05972464220608527,0.06770135664575129,0.1265900552931342,0.0966673045352456,0.11927806705677366,0.12784900643575825,0.1243138716272699
gap,1.816,1.764,1.868,22609,0.0963504797860626,0.12068061454564522,0.04801793298725814,0.04340359708457868,0.05128205128205128,0.1340385926275497,0.10647055739080279,0.1305778407005401,0.1355592260500236,0.13361910754548792
gap,1.92,1.868,1.972,18135,0.09304687896795165,0.13229044982816124,0.030321499314337957,0.02735876208373542,0.03377520442886891,0.1402983053143041,0.11449709651751401,0.13931636954644724,0.14808607174903077,0.14100936224964872
gap,2.0235000000000003,1.972,2.075,14753,0.08137939903124866,0.138218526297741,0.01843199451326675,0.013781130781430838,0.017638990098161087,0.1481417977624416,0.10497663851858202,0.1577650135025076,0.16404475116807407,0.15562175832654637
gap,2.127,2.075,2.179,12181,0.06817993994655795,0.13495495991845954,0.010440483733230489,0.005674774799592297,0.006859315170380981,0.1548717666179995,0.0904382799371918,0.174099887055453,0.18051844301809866,0.17396214980303573
gap,2.231,2.179,2.283,9865,0.05181384593149299,0.12306691718456424,0.0049862696921520455,0.00332417979476803,0.0023847376788553257,0.15988582165052753,0.07175892470010117,0.1867683191212603,0.2040757334874982,0.19193525075878018
gap,2.335,2.283,2.387,7071,0.03837997206848394,0.10991568820152071,0.0011896756840635184,0.0013448507732891947,0.0006207003569027053,0.1603993172296074,0.044742150726736665,0.1990896394765427,0.2351419852066415,0.20917602027621165
gap,2.4385000000000003,2.387,2.49,4558,0.02690620782726046,0.0824055330634278,8.434547908232118e-05,0.0006747638326585695,0.0005060728744939271,0.15258097165991902,0.02471322537112011,0.2065620782726046,0.27091767881241563,0.23464912280701755
aip,10.9565,10.912,11.001,3300,0.10726708074534161,0.1263975155279503,0.31080745341614907,0.03192546583850932,0.04720496894409938,0.06111801242236025,0.041677018633540376,0.1375776397515528,0.05782608695652174,0.07819875776397515
aip,11.045,11.001,11.089,4668,0.10411719905022176,0.12629362483759687,0.3044218448994221,0.03534787867927064,0.049280946194166925,0.057927512208234395,0.04614488598181085,0.13458178397025222,0.06079476725953138,0.08108955691949285
aip,11.133,11.089,11.177,6829,0.10109761361534192,0.12631806129370413,0.288000246654745,0.039341431830794846,0.052568292532527594,0.06332860578405378,0.04988592218042794,0.13020287352777948,0.06487019794043287,0.0843867546401924
aip,11.221,11.177,11.265,9374,0.10171867933061964,0.12132519222071461,0.2708276797829037,0.04423337856173677,0.059000452284034374,0.06811397557666214,0.0540479421076436,0.12403889642695613,0.06741293532338309,0.08928086838534599
aip,11.3085,11.265,11.352,12496,0.10213485666948553,0.1202215970867922,0.25683861726179175,0.04878932744248658,0.06333810814075902,0.06911965207186373,0.05769463093039712,0.1198073969245638,0.0731235869734049,0.08893222649845538
aip,11.396,11.352,11.44,15851,0.1013680228095186,0.11942098914354644,0.23991117447088497,0.05277442702050664,0.06941550608619367,0.07252714113389626,0.06182147165259349,0.11603520122820485,0.07670797236539094,0.09001809408926417
aip,11.484,11.44,11.528,19310,0.10337136871036418,0.11936650258512903,0.2192572400509141,0.05630962974644334,0.07302567106345112,0.0760782635141985,0.06517453845027428,0.11582955044662469,0.07804949480158149,0.0935377406310193
aip,11.572,11.528,11.616,23079,0.10698416315369716,0.12100755763168888,0.1986346891496715,0.06171432911776993,0.0788899016368539,0.07624093274087577,0.06800919068778247,0.11495955337814744,0.08045649614522805,0.0931031863582849
aip,11.66,11.616,11.704,26399,0.11226106597444628,0.12099248221690322,0.17400465226039175,0.06515692950814146,0.08347099079661531,0.0774533931160031,0.0722280281832586,0.11667734214341098,0.08210565350773691,0.0956494622930924
aip,11.748000000000001,11.704,11.792,30475,0.11728097438674312,0.12396430611291195,0.14692945042392055,0.06876191465214779,0.08986522071313598,0.08017772766721311,0.0761499261940614,0.11470703863870695,0.08551845890233138,0.09664498230882779
aip,11.836,11.792,11.88,34192,0.11985058912680477,0.1232170280111857,0.11783206700688711,0.07377329515353509,0.094863833582575,0.0852406467318048,0.08045923054741515,0.1168462771343692,0.08961969970292183,0.09829733300250136
aip,11.9235,11.88,11.967,38121,0.120466927988561,0.12537904001183345,0.08973695239503982,0.0816630919803762,0.0997768902694574,0.08799275201538348,0.08568153243103321,0.11740379163276878,0.09331163868550156,0.09858738259004511
aip,12.011,11.967,12.055,41570,0.11603109144406089,0.12327688066167783,0.06068855269559577,0.08953849361721845,0.10787595857563191,0.09175682876537776,0.09294418830943169,0.1161990593795612,0.09632671501054144,0.10536223154090309
aip,12.099,12.055,12.143,44093,0.11028196101807385,0.1152531125932091,0.038661388098478286,0.09758415529787545,0.11467389470606099,0.10029467007074332,0.10372498959657193,0.11164284187914028,0.10073892456671128,0.10714406217313553
aip,12.187000000000001,12.143,12.231,45820,0.09972870927143057,0.10172003915536289,0.023795273388337295,0.10767724793735142,0.12123619074255348,0.11075933435883094,0.11565375471961964,0.10033841420780311,0.10771640330023773,0.11137463291847294
aip,12.275,12.231,12.319,43836,0.08825184047038612,0.08415048000435543,0.013150969989897829,0.11590275299284379,0.1242809008474935,0.12544234805911283,0.1302998590535415,0.08669114577977267,0.11675569078887672,0.1150740120137196
aip,12.363,12.319,12.407,38400,0.07734108610602634,0.06799468791500664,0.008047090915616811,0.1261333046193604,0.1288970245145544,0.13614012418793295,0.14196188220092604,0.0733642008542407,0.12652094325401098,0.11359965543232475
aip,12.451,12.407,12.495,29981,0.0684007431756467,0.05365156495640989,0.004906864846839122,0.1325901576866276,0.13098947167833833,0.15360868943833073,0.14865418512695916,0.0590348244485732,0.13491496355580962,0.11324853508646562
aip,12.538499999999999,12.495,12.582,20931,0.05847576351919305,0.04211263659288316,0.0031521434575511346,0.1383580834967778,0.12919585318016252,0.16564864107593164,0.1547072008966097,0.049327542729055755,0.14731017091622303,0.11171196413561221
aip,12.626000000000001,12.582,12.67,13208,0.054867825727475256,0.0352770951516961,0.0020670172940446935,0.14014377253623023,0.1265933258308261,0.17459406077030845,0.15089226246526263,0.04232792081027078,0.16092877977079076,0.11230793964309502
aip,12.713999999999999,12.67,12.758,7686,0.052465725393902186,0.030202578268876613,0.0016779210149375895,0.13963576836505012,0.1232658072437078,0.18583998363003887,0.1498669940658891,0.03760998567628402,0.17294863924698178,0.1064865970943319
aip,12.802,12.758,12.846,4211,0.048530312308634416,0.02640845070422535,0.0019136558481322719,0.13709430496019595,0.12507654623392528,0.1956521739130435,0.13923759951010412,0.03260869565217391,0.18585425597060626,0.10762400489895897
aea,-8.4955,-8.549,-8.442,3071,0.09700113277290884,0.05872533237941931,0.04626483038216181,0.24903118106480654,0.17742800930066177,0.09157574673582543,0.14636618374768973,0.026351875037262266,0.05765217909735885,0.049603529481905446
aea,-8.389,-8.442,-8.336,5576,0.09351680701033752,0.059628945026357225,0.04713493530499076,0.24286301088519202,0.17799685082494696,0.09406448962826042,0.14424590949544738,0.03149175053056753,0.05870473060861231,0.050352570685287874
aea,-8.283000000000001,-8.336,-8.23,8910,0.09296881900892147,0.06640314459853369,0.05092306333362777,0.2289329564526102,0.17379206783853016,0.09592792156169949,0.13686953449341932,0.03495715926154933,0.06145658510732267,0.05776874834378588
aea,-8.177,-8.23,-8.124,13493,0.09063946978179947,0.07216354447235421,0.05895348485307024,0.214962321823079,0.16377144932360863,0.09908301304360984,0.13176769663771448,0.04196047574372787,0.06556608056169234,0.061132463759343884
aea,-8.071000000000002,-8.124,-8.018,19119,0.09031654280209193,0.07650977153867328,0.06560968896229012,0.1968070465180292,0.1587998898981558,0.09947701624002202,0.12805945499587118,0.048455821635012386,0.06991467107074044,0.06605009633911368
aea,-7.965,-8.018,-7.912,25257,0.09019823978229793,0.0806307159711338,0.07118375501627598,0.1747300253181998,0.15299426465269286,0.10233203010626754,0.12876113053512686,0.053064880039957976,0.07403420540466062,0.07207075317338661
aea,-7.859,-7.912,-7.806,30995,0.09261275552511086,0.08312362548220788,0.07785989833074954,0.1516097631322782,0.14779536359375564,0.10684645058946533,0.12484407109636947,0.0603165446876014,0.07652594008003749,0.0784655874824242
aea,-7.753,-7.806,-7.7,36575,0.09492811728531471,0.08787559270881344,0.0840557383052474,0.1317818200185626,0.137325344260432,0.10785248416812411,0.12186913999608544,0.06661699803640542,0.08391052069982258,0.0837842445211923
aea,-7.647,-7.7,-7.594,41963,0.09739579224935487,0.09331650533575236,0.090690886963185,0.11443977417428246,0.12592826314781216,0.10854058439729099,0.11461443977417428,0.07519072356633348,0.08945132464137208,0.09043170575044229
aea,-7.541,-7.594,-7.488,43981,0.10102764349951882,0.09807966726031792,0.09445138881207066,0.09486620723222089,0.11918009756529242,0.10771451643234035,0.10853309144810346,0.0843132266235993,0.09613831705401489,0.09569584407252132
aea,-7.4345,-7.488,-7.381,43685,0.10415920398009951,0.10285714285714286,0.10112864250177683,0.0731314854299929,0.11106751954513149,0.10775266524520256,0.10315280739161337,0.09480597014925374,0.09975835110163468,0.1021862117981521
aea,-7.328,-7.381,-7.275,41879,0.10843315213776507,0.10900152978238392,0.10643778381091164,0.0525507458444943,0.09952050694448643,0.10879594637901115,0.0980451436967524,0.10554893791985875,0.10336007933100742,0.10830617415332894
aea,-7.2219999999999995,-7.275,-7.169,38808,0.11403684421305567,0.1144506741423041,0.11356294219730344,0.033727139233747164,0.08329328527566413,0.11098651715391804,0.09412628487518356,0.11246829528767854,0.11060606060606061,0.11274195701508477
aea,-7.116,-7.169,-7.063,34857,0.11905719205880791,0.11992201427715277,0.11659927628035412,0.0209984903541978,0.06293478178411306,0.11216895895128927,0.08597394912721232,0.1251488783862721,0.11662203475978425,0.12057442402081642
aea,-7.01,-7.063,-6.957,31464,0.11589038259098831,0.12732324365368353,0.12481232850708406,0.01354686178749547,0.045041158299825704,0.10880632301931074,0.07318756795002329,0.13677153260738262,0.1246915284656669,0.12992907311853935
aea,-6.904,-6.957,-6.851,26621,0.11246554683030839,0.1339123199334339,0.1311976701856571,0.00798793489000988,0.03208695199958396,0.0997867803837953,0.05863019397784596,0.15148993707421082,0.13548286442352697,0.13695980030162774
aea,-6.798,-6.851,-6.745,21910,0.10092292024696073,0.138769015339571,0.1389726942906244,0.005372032334033479,0.021157151040672142,0.09253389345044873,0.0458404939214563,0.166443892813952,0.14382279931258354,0.14616510724969767
aea,-6.692,-6.745,-6.639,16804,0.0925981771880445,0.14138520305589064,0.1402459455837019,0.004087923870794799,0.014542286556761827,0.07974802305321002,0.03548451950140732,0.1910266720278783,0.14684693740785418,0.1540343117544565
aea,-6.586,-6.639,-6.533,12005,0.08042749964610957,0.14280658708063984,0.1379464917661492,0.003491718963808805,0.009814561411786911,0.06966923040626621,0.025810409097343463,0.21686405888736848,0.15330533666776766,0.1598641060727599
aea,-6.48,-6.533,-6.427,8268,0.07619375969660404,0.137803826926392,0.13590760213756248,0.003378727805550767,0.007688329598345113,0.06254094121703155,0.019479400103430442,0.24547491811756594,0.15269781072228927,0.1588346836752284
aea,-6.374,-6.427,-6.321,5331,0.06660504567203132,0.13413440626359285,0.1247281426707264,0.0032079164854284473,0.005274032187907786,0.055350152240104394,0.015169638973466725,0.27147672901261416,0.15653545019573728,0.1675184862983906
aea,-6.268,-6.321,-6.215,3258,0.06204906204906205,0.1305916305916306,0.1148989898989899,0.001893939393939394,0.005952380952380952,0.051316738816738816,0.011724386724386724,0.29987373737373735,0.15701659451659453,0.16468253968253968
