dataset,target,feature,importance,importance_std,n,importance_ci95
hidden_rng,aea,c,0.11755732384994393,0.0013848331093387982,5,0.001719497415386566
hidden_rng,aea,h,0.11008651675741918,0.0016160532866053956,5,0.002006595185156793
hidden_rng,aea,atoms,0.07870802946854963,0.001099364391151074,5,0.001365041185399492
hidden_rng,aea,pas_rng_count,0.0643954258993004,0.005802340953793829,5,0.007204557867629102
hidden_rng,aea,paper_lalas_number_of_rings,0.063662511201731,0.001958813291877133,5,0.002432187943726842
hidden_rng,aea,pas_rng_middle_count,0.0633126326286512,0.005502400725940655,5,0.0068321328850907805
hidden_rng,aea,rng,0.06068131499809647,0.0038350309401280775,5,0.004761819850354578
hidden_rng,aea,pas_total_rings,0.05930343060331954,0.004698533111287068,5,0.005833999408653483
hidden_rng,aea,paper_lalas_upper_a_ratio,0.045308258708272854,0.0008703927410601747,5,0.0010807353308723122
hidden_rng,aea,paper_lalas_lower_to_upper_a_ratio,0.03790308576230335,0.0009306907750981836,5,0.0011556052288997731
hidden_rng,aea,pas_alternation_fraction,0.035559243659744014,0.00042255290407789174,5,0.0005246687283299677
hidden_rng,aea,paper_lalas_longest_upper_a,0.027697966258749172,0.0011421459200907143,5,0.001418161469671956
hidden_rng,aea,branch,0.02148550814952916,0.0006579848406244818,5,0.0008169960879672621
hidden_rng,aea,pas_topology_length,0.018338346248538688,0.0006392779427122108,5,0.000793768406311522
hidden_rng,aea,pas_total_a,0.013907489056000777,0.0007496908168437862,5,0.0009308640970589031
hidden_rng,aea,pas_longest_a_run,0.013425361405515118,0.0005751980573615802,5,0.0007142027196626191
hidden_rng,aea,paper_lalas_longest_a_case_insensitive,0.013289386755998852,0.00047427172402556505,5,0.0005888861250885764
hidden_rng,aea,rings,0.012561053891250349,0.001237180486674377,5,0.0015361624695837887
hidden_rng,aea,pas_a_fraction,0.012300648447318614,0.00024347409596328024,5,0.00030231301945281405
hidden_rng,aea,pas_longest_l_run,0.012069453025297201,0.0008379801787179984,5,0.0010404898191224967
hidden_rng,aip,h,0.11629569014774233,0.0018661122733140366,5,0.0023170844263802263
hidden_rng,aip,c,0.11606292331685564,0.0008744727698703384,5,0.0010858013557575265
hidden_rng,aip,atoms,0.10887082194111053,0.001133421700974687,5,0.0014073289208831438
hidden_rng,aip,paper_lalas_upper_a_ratio,0.050946942335679125,0.0007612647510000735,5,0.0009452350344183461
hidden_rng,aip,pas_alternation_fraction,0.044150007247116166,0.0005200623409763148,5,0.0006457426856118616
hidden_rng,aip,pas_rng_middle_count,0.04175821173829151,0.0023268748604551056,5,0.0028891967425525174
hidden_rng,aip,paper_lalas_lower_to_upper_a_ratio,0.04167381710235044,0.0010924222125693944,5,0.0013564213321855191
hidden_rng,aip,rng,0.04009258219547572,0.0021538319743845446,5,0.0026743356207734256
hidden_rng,aip,pas_rng_count,0.03970310612872362,0.0031509298051960073,5,0.0039123960999790895
hidden_rng,aip,pas_total_rings,0.03800732719609793,0.0033655091314808046,5,0.004178831524185742
hidden_rng,aip,paper_lalas_number_of_rings,0.03740923588867225,0.0020549911830915206,5,0.002551608568670906
hidden_rng,aip,paper_lalas_longest_upper_a,0.02886516831296314,0.0009544381861971495,5,0.0011850915343119036
hidden_rng,aip,pas_topology_length,0.02295730051242158,0.0008123967355780281,5,0.0010087237788255024
hidden_rng,aip,branch,0.02155456667133397,0.0005833435068762829,5,0.0007243166310742118
hidden_rng,aip,rings,0.021544650975045647,0.0012031501298191475,5,0.0014939082006306234
hidden_rng,aip,pas_total_l,0.01658133834567598,0.0027537022066135195,5,0.003419172891726277
hidden_rng,aip,pas_branch_density,0.016058214923885896,0.0009320129104870336,5,0.0011572468768128593
hidden_rng,aip,paper_lalas_longest_l,0.01582836302537049,0.0014316437518453978,5,0.0017776205049197978
hidden_rng,aip,pas_longest_l_run,0.015762433991976823,0.0007117025664614508,5,0.0008836954542044068
hidden_rng,aip,paper_lalas_longest_a_case_insensitive,0.015467673429445897,0.000368489645490787,5,0.00045754032651677915
hidden_rng,energy,rings,0.7697071102840678,0.03980058286697972,5,0.049418950853454366
hidden_rng,energy,atoms,0.17760480390433583,0.04020574716076809,5,0.04992202877040904
hidden_rng,energy,h,0.01421631438995256,0.0003357788104263355,5,0.00041692446026606825
hidden_rng,energy,c,0.010027924670522851,0.00036742544834674905,5,0.0004562189512360359
hidden_rng,energy,paper_lalas_upper_a_ratio,0.0030847845161384147,0.00011535002165249406,5,0.00014322596907792682
hidden_rng,energy,paper_lalas_lower_to_upper_a_ratio,0.00279084474922007,0.00015251939915619626,5,0.00018937784695991882
hidden_rng,energy,pas_alternation_fraction,0.0024821728362570085,6.34208099765791e-05,5,7.874733648484052e-05
hidden_rng,energy,pas_branch_density,0.0017018040779006507,6.846545343928996e-05,5,8.501108865626258e-05
hidden_rng,energy,paper_lalas_longest_upper_a,0.001433594712356752,5.637974580409793e-05,5,7.000470059282827e-05
hidden_rng,energy,branch,0.0011141555287189453,3.534547696158762e-05,5,4.3887206242543993e-05
hidden_rng,energy,pas_a_fraction,0.0009874317335600625,2.1588161473811028e-05,5,2.680524288944072e-05
hidden_rng,energy,pas_total_a,0.0009187774865499866,6.18351339646227e-05,5,7.677845966797894e-05
hidden_rng,energy,pas_longest_a_run,0.0009013518112991941,2.809880575363898e-05,5,3.488927549681437e-05
hidden_rng,energy,paper_lalas_longest_a_case_insensitive,0.0008943354636876943,2.4682377808941116e-05,5,3.064721991542575e-05
hidden_rng,energy,paper_lalas_lal_subsequence_count,0.0008422600755785207,2.9390610253381382e-05,5,3.649326263686214e-05
hidden_rng,energy,pas_longest_l_run,0.0008338248045826203,4.465289095898235e-05,5,5.544388711948685e-05
hidden_rng,energy,paper_lalas_longest_l,0.0008287517061547724,4.0855907889278284e-05,5,5.072930994004608e-05
hidden_rng,energy,paper_lalas_longest_l_degeneracy,0.0007748976098902488,1.3769959015159384e-05,5,1.7097662365864802e-05
hidden_rng,energy,pas_rng_middle_count,0.0007451372129013887,2.765493592341444e-05,5,3.4338138308735743e-05
hidden_rng,energy,paper_lalas_number_of_rings,0.0007430499436706283,1.783758888797906e-05,5,2.2148291936963155e-05
hidden_rng,gap,c,0.16191285217758872,0.0011833145928018042,5,0.00146927912843115
hidden_rng,gap,atoms,0.0952344889440271,0.001172821740803955,5,0.0014562505318669403
hidden_rng,gap,h,0.07879312669686754,0.0008769079673318821,5,0.0010888250527740426
hidden_rng,gap,pas_rng_middle_count,0.05241381032795288,0.003507626139575861,5,0.004355293096669806
hidden_rng,gap,pas_rng_count,0.05153512318446599,0.0033024385558227862,5,0.004100519061045194
hidden_rng,gap,rng,0.05103714740212684,0.002142843796362582,5,0.002660691995717701
hidden_rng,gap,paper_lalas_number_of_rings,0.049304360548380353,0.004893769484804458,5,0.00607641738478989
hidden_rng,gap,pas_total_rings,0.04921544730072326,0.0030173136397660264,5,0.003746489717786643
hidden_rng,gap,paper_lalas_upper_a_ratio,0.04689812110334628,0.0008125825714936294,5,0.001008954524591478
hidden_rng,gap,paper_lalas_lower_to_upper_a_ratio,0.03936910714437922,0.0009464087281324072,5,0.001175121645307826
hidden_rng,gap,pas_alternation_fraction,0.03737107722758133,0.0009093775745531352,5,0.0011291413950964896
hidden_rng,gap,paper_lalas_longest_upper_a,0.028361837104787103,0.0004801518878792704,5,0.0005961873128492614
hidden_rng,gap,branch,0.023119748805690187,0.0008937507218686473,5,0.001109738094712927
hidden_rng,gap,pas_longest_l_run,0.019378079993995323,0.0004217396203733783,5,0.0005236589032337475
hidden_rng,gap,paper_lalas_longest_l,0.019002958450726505,0.0004876683459638141,5,0.0006055202282468471
hidden_rng,gap,pas_topology_length,0.018924320675798436,0.0010813361738219924,5,0.001342656196990178
hidden_rng,gap,pas_a_fraction,0.015142045864348927,0.00040450477601861935,5,0.0005022590174837978
hidden_rng,gap,pas_total_a,0.014737758402605064,0.00150970161259684,5,0.001874542140391666
hidden_rng,gap,paper_lalas_longest_a_case_insensitive,0.014246128064622105,0.0004157828097206476,5,0.0005162625459021351
hidden_rng,gap,pas_longest_a_run,0.014081512097607635,0.0004256906712907478,5,0.0005285647809129152
hidden_rng,homo,h,0.14402739737721304,0.001312162967540542,5,0.0016292655165713083
hidden_rng,homo,c,0.12065906904554113,0.001825578950935218,5,0.0022667556592548604
hidden_rng,homo,atoms,0.11088010778697022,0.0018595654140401163,5,0.0023089554269184933
hidden_rng,homo,paper_lalas_upper_a_ratio,0.05594402108284705,0.0010651409867400785,5,0.0013225472162463909
hidden_rng,homo,pas_alternation_fraction,0.05199458157020165,0.00045098828738270947,5,0.0005599759200546842
hidden_rng,homo,paper_lalas_lower_to_upper_a_ratio,0.04713361475067228,0.0010105993710818645,5,0.0012548248556797197
hidden_rng,homo,paper_lalas_longest_upper_a,0.03122272984243995,0.0006469234195415609,5,0.0008032615196396271
hidden_rng,homo,pas_branch_density,0.028175053386038672,0.0006855540386990858,5,0.0008512277686758465
hidden_rng,homo,pas_topology_length,0.025822709115389204,0.0006377500551950518,5,0.0007918712833881608
hidden_rng,homo,branch,0.024475444244586402,0.0005609621357580246,5,0.0006965264883262329
hidden_rng,homo,pas_rng_middle_count,0.021827658208504377,0.0015087034344489724,5,0.0018733027385216651
hidden_rng,homo,pas_rng_count,0.02139026366721234,0.0016720776130069908,5,0.0020761585742732703
hidden_rng,homo,rng,0.021355843210880226,0.001302997472499865,5,0.0016178850513535845
hidden_rng,homo,paper_lalas_number_of_rings,0.021223931510200897,0.0008198092307003294,5,0.0010179276071557249
hidden_rng,homo,rings,0.021173446616292578,0.0013287599839372105,5,0.0016498734343086492
hidden_rng,homo,pas_total_rings,0.020355158906233423,0.0009285884733814004,5,0.0011529948765446815
hidden_rng,homo,pas_longest_a_run,0.01695891169641848,0.0003161310019293672,5,0.0003925284838117807
hidden_rng,homo,paper_lalas_longest_a_case_insensitive,0.01688975595436553,0.00027204343061790377,5,0.00033778653374609536
hidden_rng,homo,pas_a_fraction,0.016862821005143316,0.0004557562999681608,5,0.0005658961896250216
hidden_rng,homo,paper_lalas_lal_subsequence_count,0.016536845567558182,0.00034519948458490153,5,0.00042862177220756825
hidden_rng,lumo,c,0.16294054160207774,0.002029196432718394,5,0.0025195801557899413
hidden_rng,lumo,h,0.13452481407691394,0.0009159471951943364,5,0.0011372986565285255
hidden_rng,lumo,atoms,0.08754996752257223,0.0013906618752067515,5,0.0017267347841187625
hidden_rng,lumo,paper_lalas_upper_a_ratio,0.05284587817340179,0.0009129978680321475,5,0.001133636583172311
hidden_rng,lumo,paper_lalas_lower_to_upper_a_ratio,0.047632269960581466,0.0011551260475523093,5,0.0014342784266331145
hidden_rng,lumo,pas_alternation_fraction,0.04492961269258163,0.0006559970480229366,5,0.0008145279174580277
hidden_rng,lumo,pas_total_rings,0.03278458734832511,0.0023291026428405516,5,0.0028919628997363584
hidden_rng,lumo,rng,0.03257752448553784,0.0010613230628107513,5,0.0013178066375554647
hidden_rng,lumo,paper_lalas_number_of_rings,0.0325520399502751,0.0015920249191613005,5,0.0019767600263658485
hidden_rng,lumo,pas_rng_count,0.03252143531438732,0.004871731937785057,5,0.006049054156047177
hidden_rng,lumo,pas_rng_middle_count,0.03205795527054408,0.001177266475515759,5,0.0014617693989401538
hidden_rng,lumo,paper_lalas_longest_upper_a,0.030709993904536447,0.0009848320153661853,5,0.001222830457758651
hidden_rng,lumo,branch,0.023126232933173167,0.0006509778912204752,5,0.0008082958111550718
hidden_rng,lumo,pas_topology_length,0.02058964887193613,0.0010652552582339598,5,0.0013226891030463641
hidden_rng,lumo,paper_lalas_longest_a_case_insensitive,0.015456972672622632,0.0005274553079351581,5,0.0006549222665245672
hidden_rng,lumo,pas_longest_a_run,0.015385962565124431,0.00031925285527273714,5,0.0003964047767159152
hidden_rng,lumo,pas_a_fraction,0.014928051869109166,0.000295974137390822,5,0.0003675004307975989
hidden_rng,lumo,pas_longest_l_run,0.014895599392095612,0.0002512307985577972,5,0.00031194423780919956
hidden_rng,lumo,paper_lalas_longest_l,0.014651452794750015,0.00012817946159266654,5,0.00015915582276875646
hidden_rng,lumo,rings,0.014220446893493449,0.0009776997369974453,5,0.001213974564483019
with_ring_types,aea,dhdiborinine,0.23282217931698881,0.018782339066360627,5,0.023321354220756135
with_ring_types,aea,borole,0.14346252033121792,0.007909051936711053,5,0.009820385049737888
with_ring_types,aea,pyrrole,0.053783808900239496,0.0034931223184693633,5,0.00433728422416548
with_ring_types,aea,aromatic_ring_fraction,0.04705881632863509,0.014506236203960082,5,0.0180118712438973
with_ring_types,aea,paper_lalas_number_of_rings,0.03522182144182164,0.004512597790971414,5,0.0056031302154230505
with_ring_types,aea,pas_total_rings,0.03518116220812808,0.006839115009244694,5,0.008491882886554156
with_ring_types,aea,c,0.031265794957764506,0.005184399469504832,5,0.006437282173590856
with_ring_types,aea,n,0.02301230923423677,0.0026157555434117115,5,0.0032478894863562516
with_ring_types,aea,pas_pyrazine_fraction,0.022464899898712955,0.002293706645576198,5,0.0028480129642526916
with_ring_types,aea,atoms,0.01731680237189101,0.0010027024266792768,5,0.00124501950411921
with_ring_types,aea,pas_total_l,0.013829636354764191,0.0011545831746738,5,0.0014336043609242681
with_ring_types,aea,heteroatom_density,0.013446993624240297,0.0008015825796182973,5,0.0009952962306993439
with_ring_types,aea,paper_lalas_upper_a_ratio,0.013030782758359689,0.0004759071796493648,5,0.0005909168114573085
with_ring_types,aea,b,0.012122142526173125,0.00042589487875430474,5,0.0005288183379685784
with_ring_types,aea,pas_14diborinine_fraction,0.011448877437000796,0.0006622006341012939,5,0.000822230686951282
with_ring_types,aea,pyrazine,0.009808409147262245,0.002725928385806948,5,0.003384687138338194
with_ring_types,aea,pas_pyrazine_count,0.009317444054273587,0.0013641659740348583,5,0.0016938357775336576
with_ring_types,aea,pas_alternation_fraction,0.008645004092739635,0.00033373359491759306,5,0.0004143849898002948
with_ring_types,aea,heterocycle_fraction,0.007927172121238477,0.00041587237305634636,5,0.0005163737534716313
with_ring_types,aea,paper_lalas_longest_l,0.007853075057459143,0.0004211956906129629,5,0.0005229835252326882
with_ring_types,aip,14diborinine,0.4468118495657423,0.005824900810894605,5,0.007232569629995756
with_ring_types,aip,pyrrole,0.059652164014558376,0.0017267227890375625,5,0.0021440095220259386
with_ring_types,aip,rings,0.055721196715273556,0.0033857172684053976,5,0.00420392324027578
with_ring_types,aip,pas_borole_fraction,0.03878896240001249,0.0034494338947737816,5,0.004283037881324404
with_ring_types,aip,pas_cyclobutadiene_fraction,0.03691713772391033,0.002008588863532348,5,0.002493992479041135
with_ring_types,aip,aromatic_rings,0.025506361132523858,0.002248249500994361,5,0.002791570464364281
with_ring_types,aip,heteroatom_density,0.018892398477455306,0.0006632396999951019,5,0.0008235208576633848
with_ring_types,aip,c,0.014068965389053539,0.0009419243122256157,5,0.001169553507523391
with_ring_types,aip,paper_lalas_upper_a_ratio,0.010654488494210282,0.0004928412661166315,5,0.0006119432569661831
with_ring_types,aip,pas_borole_middle_count,0.010211255973806213,0.002263903397739304,5,0.002811007344384076
with_ring_types,aip,atoms,0.00920077845818687,0.0005630501757438893,5,0.000699119132403491
with_ring_types,aip,pas_alternation_fraction,0.008954014120297503,0.0001319917130032097,5,0.00016388935809732945
with_ring_types,aip,pas_acceptor_fraction,0.008328069610806236,0.00044239367387366576,5,0.0005493042978820291
with_ring_types,aip,pas_borole_count,0.007955646920964963,0.0008447665857811186,5,0.0010489162564499288
with_ring_types,aip,borinine,0.007683290838373627,0.0015399015967421164,5,0.0019120403734511806
with_ring_types,aip,aromatic_ring_fraction,0.007098832038051282,0.0002568210568057161,5,0.0003188854602163021
with_ring_types,aip,pas_topology_length,0.006887832968734663,0.0009235662356762464,5,0.0011467589447957702
with_ring_types,aip,heterocycle_fraction,0.006534972913351503,0.0006475099028027476,5,0.0008039897347905917
with_ring_types,aip,pas_longest_l_run,0.006500667685415654,0.00032396698911787053,5,0.00040225814699413123
with_ring_types,aip,paper_lalas_longest_l,0.006492480621403504,0.00016084617235859173,5,0.00019971690146654115
with_ring_types,energy,rings,0.7633861055134875,0.039694616736177295,5,0.04928737652380804
with_ring_types,energy,atoms,0.1245805246127892,0.04140288363101274,5,0.05140847002644855
with_ring_types,energy,pas_cyclobutadiene_fraction,0.024158616065002997,0.0014640891499617893,5,0.0018179067876683093
with_ring_types,energy,b,0.018209843660477655,0.0004071356124213345,5,0.0005055256323302132
with_ring_types,energy,pas_cyclobutadiene_count,0.0141371082701374,0.0012223664616661063,5,0.0015177684280625286
with_ring_types,energy,borole,0.014054788625528744,0.0009775561072841484,5,0.0012137962246389457
with_ring_types,energy,cyclobutadiene,0.013972042856775498,0.0011829222562041667,5,0.0014687919782026858
with_ring_types,energy,aromatic_rings,0.00328008228877478,0.0007039604161175585,5,0.000874082304853715
with_ring_types,energy,c,0.002818193815052505,0.00031288967351636725,5,0.0003885038430150037
with_ring_types,energy,pas_pyrazine_fraction,0.002385334229081203,0.00024185496409910722,5,0.0003003026017087259
with_ring_types,energy,pyrrole,0.0022377137784572736,9.286577530097343e-05,5,0.00011530808985649925
with_ring_types,energy,pas_14diborinine_fraction,0.0016247505449572437,0.00011807391319815472,5,0.00014660812714518525
with_ring_types,energy,pas_thiophene_fraction,0.001447628302723838,7.403690307031092e-05,5,9.192895708090698e-05
with_ring_types,energy,aromatic_ring_fraction,0.0012118661769994067,0.0002142530826917108,5,0.0002660303392824718
with_ring_types,energy,pas_donor_acceptor_balance,0.0010752058089970394,0.0001250849955947407,5,0.00015531353574546627
with_ring_types,energy,n,0.0010329696716138274,4.6193846793043586e-05,5,5.7357236501462735e-05
with_ring_types,energy,pas_donor_acceptor_ratio,0.0009435116944604858,4.741217732491886e-05,5,5.8869993660804715e-05
with_ring_types,energy,heteroatom_density,0.000720267369294209,3.4313963370403147e-05,5,4.260641295271236e-05
with_ring_types,energy,pas_donor_fraction,0.0005321483207393953,6.72587140521931e-05,5,8.351272380408994e-05
with_ring_types,energy,pas_acceptor_fraction,0.0004254355828812277,1.8813334033033615e-05,5,2.335983955499951e-05
with_ring_types,gap,b,0.3300057889371494,0.0036548775544340377,5,0.004538129877183771
with_ring_types,gap,aromatic_ring_fraction,0.07562353711327632,0.0031993551009773394,5,0.003972524046353138
with_ring_types,gap,paper_lalas_longest_l,0.03931405912324046,0.0007175986916675213,5,0.0008910164606016864
with_ring_types,gap,pas_longest_l_run,0.038107101041841895,0.001239738462655212,5,0.0015393386162674614
with_ring_types,gap,borole,0.020202718403491655,0.0011971042639056391,5,0.0014864012665878527
with_ring_types,gap,pas_alternation_fraction,0.01875555577320446,0.0004056450137545397,5,0.0005036748096298836
with_ring_types,gap,heteroatom_density,0.018324507355948944,0.00048736228066222916,5,0.0006051401979807696
with_ring_types,gap,pas_cyclobutadiene_fraction,0.01709726645442137,0.0016040517629140575,5,0.0019916933252656687
with_ring_types,gap,paper_lalas_upper_a_ratio,0.015849199677172354,0.0006153099517818495,5,0.000764008214864018
with_ring_types,gap,pas_borole_fraction,0.014462408860782792,0.0010006838707812132,5,0.0012425131359322225
with_ring_types,gap,atoms,0.012308358391804223,0.0003431124698729744,5,0.0004260304011760468
with_ring_types,gap,pas_middle_non_benzene_count,0.012224553178652878,0.001050690333689387,5,0.001304604360602814
with_ring_types,gap,paper_lalas_lower_to_upper_a_ratio,0.011117806479522752,0.00035835062342852556,5,0.0004449510678450754
with_ring_types,gap,pas_cyclobutadiene_count,0.010745005916165637,0.0007911723382442055,5,0.000982370208772523
with_ring_types,gap,cyclobutadiene,0.010235208004427364,0.0006573181601248857,5,0.0008161682947926092
with_ring_types,gap,pas_benzene_fraction,0.009405761316725126,0.0004810450929762804,5,0.0005972963734612309
with_ring_types,gap,pas_acceptor_fraction,0.009310093314729123,0.00024400451873327067,5,0.0003029716263101387
with_ring_types,gap,pas_dhdiborinine_fraction,0.008915284913521577,0.0004770598210856578,5,0.0005923480048315914
with_ring_types,gap,pas_branch_density,0.008698512769218186,0.00046087690560131023,5,0.0005722542612887027
with_ring_types,gap,pas_14diborinine_fraction,0.008395375628779072,0.0013154050905666392,5,0.001633291144010561
with_ring_types,homo,14diborinine,0.45953773670955156,0.015962051681677365,5,0.01981950491060667
with_ring_types,homo,pyrrole,0.07324775252508828,0.0016076519697849616,5,0.0019961635725233564
with_ring_types,homo,pas_cyclobutadiene_fraction,0.05760811549187121,0.001107777614932168,5,0.0013754875824773082
with_ring_types,homo,pas_borole_fraction,0.051282113724237646,0.002525682847979367,5,0.0031360494632167364
with_ring_types,homo,pas_14diborinine_fraction,0.040786174623608694,0.01382717758360004,5,0.01716870860232632
with_ring_types,homo,aromatic_ring_fraction,0.023557310075910127,0.0034547645317982525,5,0.004289656741405182
with_ring_types,homo,heteroatom_density,0.013641386970799729,0.0003980364223227172,5,0.0004942274955719479
with_ring_types,homo,pas_alternation_fraction,0.01084880364596193,0.0002707913091210183,5,0.00033623181956203563
with_ring_types,homo,pas_dhdiborinine_fraction,0.010089779513223169,0.0009593486756214469,5,0.001191188712243614
with_ring_types,homo,paper_lalas_upper_a_ratio,0.009582220186266263,0.0004689437806321245,5,0.0005822706095924737
with_ring_types,homo,n,0.0077152658045150785,0.00031965293323943275,5,0.0003969015391236357
with_ring_types,homo,pas_branch_density,0.0071943745549326605,0.0005638921801231549,5,0.0007001646189275549
with_ring_types,homo,pas_acceptor_fraction,0.006857219873021738,0.00025596446296296133,5,0.00031782185848067043
with_ring_types,homo,paper_lalas_lower_to_upper_a_ratio,0.006595255563466527,0.00013932023007869634,5,0.00017298891391018275
with_ring_types,homo,pas_donor_fraction,0.006481416050859749,0.0003934893851495351,5,0.0004885816032155135
with_ring_types,homo,pas_middle_non_benzene_count,0.006360509458731558,0.0002944978384288062,5,0.0003656673635258783
with_ring_types,homo,pas_thiophene_fraction,0.006352909595545795,0.0002118374485619342,5,0.0002630309333506959
with_ring_types,homo,pas_longest_l_run,0.00612114402893726,0.0002133150570058191,5,0.0002648656265589097
with_ring_types,homo,atoms,0.006076914229149279,0.00023005263424342477,5,0.00028564807363199953
with_ring_types,homo,paper_lalas_longest_l,0.00602778424823675,0.0003154235609974306,5,0.0003916500798757393
with_ring_types,lumo,aromatic_ring_fraction,0.3404258626164708,0.012435533527295534,5,0.015440754279298759
with_ring_types,lumo,borole,0.07816802735925182,0.009987362841521782,5,0.012400948877315666
with_ring_types,lumo,dhdiborinine,0.06473044547728968,0.01675123968091037,5,0.020799411237068757
with_ring_types,lumo,pas_pyrazine_fraction,0.06395918278658083,0.013847312546366671,5,0.01719370946069882
with_ring_types,lumo,pyrrole,0.03660970150777158,0.0026226757320858512,5,0.0032564820354937084
with_ring_types,lumo,pas_cyclobutadiene_fraction,0.0248793410275425,0.00852716288994947,5,0.010587871167269442
with_ring_types,lumo,pyrazine,0.02426481737355503,0.008329985912512699,5,0.010343043613111568
with_ring_types,lumo,pas_pyrazine_count,0.02134700887455363,0.006097150570573846,5,0.0075706123551090975
with_ring_types,lumo,paper_lalas_longest_l,0.018573130584282,0.0011338063080103015,5,0.0014078064735927223
with_ring_types,lumo,pas_longest_l_run,0.018442045275743415,0.0009787003902384207,5,0.001215217039587024
with_ring_types,lumo,heteroatom_density,0.01765503090926682,0.001765802509077779,5,0.0021925334034597578
with_ring_types,lumo,pas_pyridine_fraction,0.015146483396242753,0.0012685803218445409,5,0.0015751505144641134
with_ring_types,lumo,pas_14diborinine_fraction,0.015103693658574507,0.0016107719889366635,5,0.002000037587977731
with_ring_types,lumo,paper_lalas_upper_a_ratio,0.010798749178788461,0.0002978185344378425,5,0.00036979055220927765
with_ring_types,lumo,c,0.009826769550676032,0.0009811235698765984,5,0.0012182258145049297
with_ring_types,lumo,pas_alternation_fraction,0.00975804440146378,0.0003333860108350245,5,0.00041395340715862073
with_ring_types,lumo,heterocycle_fraction,0.00891365881443328,0.0011606243566685789,5,0.0014411054791137819
with_ring_types,lumo,b,0.008517758992663965,0.00037775270871974025,5,0.0004690419386412555
with_ring_types,lumo,pas_dhdiborinine_fraction,0.007804747889676783,0.0070126066402063855,5,0.008707301198708942
with_ring_types,lumo,atoms,0.0075199781155663985,0.0005700759053971426,5,0.0007078427279750482
